0.015917,0,0,0,0,0,0,0,0
0.11132,0,0,0,0,0,0,0,0
0.30181,5.7489e-05,0,0,0,0,0,0,0
0.53542,0.0093738,0,0,0,0,0,0,0
0.70308,0.047176,0,0,0,0,0,0,0
0.79127,0.11587,0,0,0,0,0,0,0
0.8,0.21547,0,0,0,0,0,0,0
0.72926,0.34596,0,0,0,0,0,0,0
0.58432,0.50353,0.00094382,0,0,0,0,0,0
0.42538,0.64469,0.01377,0,0,0,0,0,0
0.29119,0.7414,0.045521,0,0,0,0,0,0
0.18243,0.79317,0.096313,0,0,0,0,0,0
0.099105,0.8,0.16615,0,0,0,0,0,0
0.041205,0.76189,0.25502,0,0,0,0,0,0
0.0087344,0.67884,0.36293,0,0,0,0,0,0
9.0022e-05,0.55469,0.48712,0.00063826,0,0,0,0,0
0,0.42665,0.60071,0.0079898,0,0,0,0,0
0,0.31526,0.68888,0.025418,0,0,0,0,0
0,0.22072,0.75148,0.052957,0,0,0,0,0
0,0.14303,0.78852,0.090609,0,0,0,0,0
0,0.082193,0.8,0.13837,0,0,0,0,0
0,0.038211,0.78591,0.19625,0,0,0,0,0
0,0.011081,0.74626,0.26424,0,0,0,0,0
0,0.00063701,0.68136,0.34213,2.8143e-05,0,0,0,0
0,0,0.60363,0.42261,0.0012495,0,0,0,0
0,0,0.52956,0.4959,0.0052202,0,0,0,0
0,0,0.46034,0.56129,0.012048,0,0,0,0
0,0,0.39597,0.61877,0.021734,0,0,0,0
0,0,0.33644,0.66836,0.034278,0,0,0,0
0,0,0.28177,0.71005,0.049679,0,0,0,0
0,0,0.23194,0.74384,0.067937,0,0,0,0
0,0,0.18696,0.76973,0.089054,0,0,0,0
0,0,0.14683,0.78772,0.11303,0,0,0,0
0,0,0.11155,0.79781,0.13986,0,0,0,0
0,0,0.081111,0.8,0.16955,0,0,0,0
0,0,0.055525,0.79429,0.20209,0,0,0,0
0,0,0.034788,0.78068,0.2375,0,0,0,0
0,0,0.018899,0.75917,0.27576,0,0,0,0
0,0,0.0078584,0.72976,0.31688,0,0,0,0
0,0,0.0016662,0.69245,0.36086,0,0,0,0
0,0,1.7206e-05,0.64782,0.40736,7.1997e-05,0,0,0
0,0,0,0.60168,0.45294,0.00090127,0,0,0
0,0,0,0.55722,0.49572,0.0028672,0,0,0
0,0,0,0.51447,0.53569,0.0059737,0,0,0
0,0,0,0.47343,0.57284,0.010221,0,0,0
0,0,0,0.43409,0.60719,0.015609,0,0,0
0,0,0,0.39645,0.63872,0.022137,0,0,0
0,0,0,0.36053,0.66744,0.029806,0,0,0
0,0,0,0.32631,0.69335,0.038616,0,0,0
0,0,0,0.29379,0.71645,0.048566,0,0,0
0,0,0,0.26298,0.73673,0.059657,0,0,0
0,0,0,0.23388,0.75421,0.071889,0,0,0
0,0,0,0.20649,0.76887,0.085261,0,0,0
0,0,0,0.1808,0.78072,0.099774,0,0,0
0,0,0,0.15682,0.78976,0.11543,0,0,0
0,0,0,0.13454,0.79598,0.13222,0,0,0
0,0,0,0.11397,0.7994,0.15016,0,0,0
0,0,0,0.09511,0.8,0.16923,0,0,0
0,0,0,0.077954,0.79779,0.18945,0,0,0
0,0,0,0.062504,0.79277,0.21081,0,0,0
0,0,0,0.04876,0.78494,0.2333,0,0,0
0,0,0,0.036723,0.77429,0.25694,0,0,0
0,0,0,0.026392,0.76083,0.28172,0,0,0
0,0,0,0.017768,0.74456,0.30764,0,0,0
0,0,0,0.010849,0.72548,0.3347,0,0,0
0,0,0,0.0056376,0.70359,0.3629,0,0,0
0,0,0,0.0021322,0.67889,0.39224,0,0,0
0,0,0,0.00033322,0.65137,0.42272,0,0,0
0,0,0,4.5473e-08,0.62155,0.45398,7.883e-05,0,0
0,0,0,0,0.59176,0.48435,0.00060793,0,0
0,0,0,0,0.5627,0.51332,0.0016966,0,0
0,0,0,0,0.53437,0.5409,0.0033448,0,0
0,0,0,0,0.50678,0.56708,0.0055526,0,0
0,0,0,0,0.47991,0.59187,0.00832,0,0
0,0,0,0,0.45378,0.61527,0.011647,0,0
0,0,0,0,0.42838,0.63727,0.015534,0,0
0,0,0,0,0.40371,0.65788,0.01998,0,0
0,0,0,0,0.37978,0.67709,0.024985,0,0
0,0,0,0,0.35657,0.69491,0.030551,0,0
0,0,0,0,0.3341,0.71133,0.036676,0,0
0,0,0,0,0.31236,0.72637,0.04336,0,0
0,0,0,0,0.29134,0.74,0.050604,0,0
0,0,0,0,0.27107,0.75225,0.058408,0,0
0,0,0,0,0.25152,0.76309,0.066771,0,0
0,0,0,0,0.2327,0.77255,0.075694,0,0
0,0,0,0,0.21462,0.78061,0.085176,0,0
0,0,0,0,0.19726,0.78728,0.095218,0,0
0,0,0,0,0.18064,0.79255,0.10582,0,0
0,0,0,0,0.16475,0.79643,0.11698,0,0
0,0,0,0,0.14959,0.79891,0.1287,0,0
0,0,0,0,0.13517,0.8,0.14098,0,0
0,0,0,0,0.12147,0.7997,0.15382,0,0
0,0,0,0,0.10851,0.798,0.16722,0,0
0,0,0,0,0.096275,0.7949,0.18118,0,0
0,0,0,0,0.084774,0.79042,0.1957,0,0
0,0,0,0,0.074005,0.78454,0.21078,0,0
0,0,0,0,0.063967,0.77726,0.22641,0,0
0,0,0,0,0.054661,0.76859,0.24261,0,0
0,0,0,0,0.046087,0.75853,0.25937,0,0
0,0,0,0,0.038244,0.74707,0.27668,0,0
0,0,0,0,0.031132,0.73422,0.29456,0,0
0,0,0,0,0.024752,0.71998,0.313,0,0
0,0,0,0,0.019104,0.70434,0.33199,0,0
0,0,0,0,0.014187,0.6873,0.35155,0,0
0,0,0,0,0.010002,0.66888,0.37166,0,0
0,0,0,0,0.0065479,0.64905,0.39233,0,0
0,0,0,0,0.0038257,0.62784,0.41357,0,0
0,0,0,0,0.0018351,0.60523,0.43536,0,0
0,0,0,0,0.00057594,0.58122,0.45771,0,0
0,0,0,0,4.573e-05,0.55584,0.48062,1.11e-06,0
0,0,0,0,0,0.52974,0.5036,0.00010627,0
0,0,0,0,0,0.50415,0.52581,0.00050045,0
0,0,0,0,0,0.47919,0.54715,0.0012029,0
0,0,0,0,0,0.45486,0.56763,0.0022137,0
0,0,0,0,0,0.43117,0.58725,0.0035328,0
0,0,0,0,0,0.40811,0.606,0.0051603,0
0,0,0,0,0,0.38569,0.62389,0.007096,0
0,0,0,0,0,0.36389,0.64091,0.0093401,0
0,0,0,0,0,0.34274,0.65706,0.011892,0
0,0,0,0,0,0.32221,0.67236,0.014753,0
0,0,0,0,0,0.30232,0.68678,0.017922,0
0,0,0,0,0,0.28306,0.70035,0.021399,0
0,0,0,0,0,0.26444,0.71304,0.025185,0
0,0,0,0,0,0.24645,0.72487,0.029279,0
0,0,0,0,0,0.2291,0.73584,0.033681,0
0,0,0,0,0,0.21237,0.74595,0.038392,0
0,0,0,0,0,0.19629,0.75518,0.04341,0
0,0,0,0,0,0.18083,0.76356,0.048738,0
0,0,0,0,0,0.16601,0.77107,0.054373,0
0,0,0,0,0,0.15182,0.77771,0.060317,0
0,0,0,0,0,0.13827,0.78349,0.066569,0
0,0,0,0,0,0.12535,0.7884,0.073129,0
0,0,0,0,0,0.11306,0.79245,0.079998,0
0,0,0,0,0,0.10141,0.79564,0.087175,0
0,0,0,0,0,0.090394,0.79796,0.094661,0
0,0,0,0,0,0.080009,0.79941,0.10245,0
0,0,0,0,0,0.070257,0.8,0.11056,0
0,0,0,0,0,0.06114,0.79973,0.11897,0
0,0,0,0,0,0.052656,0.79859,0.12769,0
0,0,0,0,0,0.044806,0.79658,0.13671,0
0,0,0,0,0,0.037589,0.79371,0.14605,0
0,0,0,0,0,0.031006,0.78998,0.15569,0
0,0,0,0,0,0.025057,0.78538,0.16564,0
0,0,0,0,0,0.019742,0.77992,0.1759,0
0,0,0,0,0,0.01506,0.77359,0.18647,0
0,0,0,0,0,0.011012,0.76639,0.19735,0
0,0,0,0,0,0.0075972,0.75834,0.20853,0
0,0,0,0,0,0.0048164,0.74941,0.22003,0
0,0,0,0,0,0.0026694,0.73963,0.23183,0
0,0,0,0,0,0.001156,0.72897,0.24394,0
0,0,0,0,0,0.00027634,0.71746,0.25636,0
0,0,0,0,0,6.177e-06,0.70511,0.26907,1.5765e-06
0,0,0,0,0,0,0.69247,0.28182,2.7189e-05
0,0,0,0,0,0,0.67993,0.29442,9.3565e-05
0,0,0,0,0,0,0.66751,0.30686,0.00020111
0,0,0,0,0,0,0.65521,0.31915,0.00034981
0,0,0,0,0,0,0.64302,0.33128,0.00053968
0,0,0,0,0,0,0.63094,0.34325,0.00077071
0,0,0,0,0,0,0.61898,0.35507,0.0010429
0,0,0,0,0,0,0.60714,0.36674,0.0013563
0,0,0,0,0,0,0.59541,0.37825,0.0017108
0,0,0,0,0,0,0.58379,0.38961,0.0021065
0,0,0,0,0,0,0.57228,0.40081,0.0025433
0,0,0,0,0,0,0.5609,0.41186,0.0030213
0,0,0,0,0,0,0.54962,0.42275,0.0035405
0,0,0,0,0,0,0.53846,0.43348,0.0041009
0,0,0,0,0,0,0.52742,0.44407,0.0047024
0,0,0,0,0,0,0.51649,0.45449,0.0053451
0,0,0,0,0,0,0.50567,0.46476,0.0060289
0,0,0,0,0,0,0.49497,0.47488,0.0067539
0,0,0,0,0,0,0.48438,0.48484,0.00752
0,0,0,0,0,0,0.47391,0.49465,0.0083274
0,0,0,0,0,0,0.46355,0.5043,0.0091759
0,0,0,0,0,0,0.45331,0.5138,0.010066
0,0,0,0,0,0,0.44318,0.52314,0.010996
0,0,0,0,0,0,0.43316,0.53233,0.011968
0,0,0,0,0,0,0.42326,0.54136,0.012981
0,0,0,0,0,0,0.41347,0.55023,0.014036
0,0,0,0,0,0,0.4038,0.55895,0.015131
0,0,0,0,0,0,0.39425,0.56752,0.016268
0,0,0,0,0,0,0.3848,0.57593,0.017446
0,0,0,0,0,0,0.37548,0.58419,0.018665
0,0,0,0,0,0,0.36626,0.59229,0.019925
0,0,0,0,0,0,0.35716,0.60024,0.021226
0,0,0,0,0,0,0.34818,0.60803,0.022569
0,0,0,0,0,0,0.33931,0.61567,0.023952
0,0,0,0,0,0,0.33055,0.62315,0.025377
0,0,0,0,0,0,0.32191,0.63047,0.026843
0,0,0,0,0,0,0.31338,0.63765,0.02835
0,0,0,0,0,0,0.30497,0.64466,0.029898
0,0,0,0,0,0,0.29667,0.65153,0.031488
0,0,0,0,0,0,0.28849,0.65823,0.033118
0,0,0,0,0,0,0.28042,0.66478,0.03479
0,0,0,0,0,0,0.27246,0.67118,0.036503
0,0,0,0,0,0,0.26462,0.67742,0.038257
0,0,0,0,0,0,0.2569,0.68351,0.040052
0,0,0,0,0,0,0.24929,0.68944,0.041889
0,0,0,0,0,0,0.24179,0.69522,0.043766
0,0,0,0,0,0,0.23441,0.70084,0.045685
0,0,0,0,0,0,0.22714,0.70631,0.047645
0,0,0,0,0,0,0.21999,0.71162,0.049646
0,0,0,0,0,0,0.21295,0.71677,0.051688
0,0,0,0,0,0,0.20602,0.72178,0.053772
0,0,0,0,0,0,0.19921,0.72662,0.055896
0,0,0,0,0,0,0.19252,0.73132,0.058062
0,0,0,0,0,0,0.18593,0.73585,0.060269
0,0,0,0,0,0,0.17947,0.74023,0.062517
0,0,0,0,0,0,0.17312,0.74446,0.064806
0,0,0,0,0,0,0.16688,0.74853,0.067137
0,0,0,0,0,0,0.16075,0.75245,0.069508
0,0,0,0,0,0,0.15475,0.75621,0.071921
0,0,0,0,0,0,0.14885,0.75982,0.074375
0,0,0,0,0,0,0.14307,0.76327,0.07687
0,0,0,0,0,0,0.13741,0.76657,0.079406
0,0,0,0,0,0,0.13185,0.76971,0.081984
0,0,0,0,0,0,0.12642,0.7727,0.084602
0,0,0,0,0,0,0.1211,0.77553,0.087262
0,0,0,0,0,0,0.11589,0.77821,0.089963
0,0,0,0,0,0,0.11079,0.78073,0.092705
0,0,0,0,0,0,0.10582,0.78309,0.095488
0,0,0,0,0,0,0.10095,0.78531,0.098312
0,0,0,0,0,0,0.096201,0.78736,0.10118
0,0,0,0,0,0,0.091566,0.78927,0.10408
0,0,0,0,0,0,0.087045,0.79101,0.10703
0,0,0,0,0,0,0.082638,0.7926,0.11002
0,0,0,0,0,0,0.078346,0.79404,0.11305
0,0,0,0,0,0,0.074169,0.79532,0.11612
0,0,0,0,0,0,0.070105,0.79645,0.11924
0,0,0,0,0,0,0.066157,0.79742,0.12239
0,0,0,0,0,0,0.062323,0.79824,0.12558
0,0,0,0,0,0,0.058603,0.7989,0.12882
0,0,0,0,0,0,0.054997,0.79941,0.1321
0,0,0,0,0,0,0.051507,0.79976,0.13542
0,0,0,0,0,0,0.04813,0.79996,0.13877
0,0,0,0,0,0,0.044868,0.8,0.14218
0,0,0,0,0,0,0.041721,0.79989,0.14562
0,0,0,0,0,0,0.038688,0.79962,0.1491
0,0,0,0,0,0,0.035769,0.7992,0.15262
0,0,0,0,0,0,0.032965,0.79862,0.15619
0,0,0,0,0,0,0.030276,0.79789,0.1598
0,0,0,0,0,0,0.0277,0.797,0.16344
0,0,0,0,0,0,0.02524,0.79596,0.16713
0,0,0,0,0,0,0.022893,0.79476,0.17086
0,0,0,0,0,0,0.020662,0.7934,0.17463
0,0,0,0,0,0,0.018544,0.7919,0.17845
0,0,0,0,0,0,0.016541,0.79023,0.1823
0,0,0,0,0,0,0.014653,0.78842,0.18619
0,0,0,0,0,0,0.012879,0.78644,0.19013
0,0,0,0,0,0,0.01122,0.78432,0.19411
0,0,0,0,0,0,0.0096745,0.78203,0.19812
0,0,0,0,0,0,0.0082439,0.7796,0.20218
0,0,0,0,0,0,0.0069278,0.777,0.20628
0,0,0,0,0,0,0.0057261,0.77425,0.21043
0,0,0,0,0,0,0.0046389,0.77135,0.21461
0,0,0,0,0,0,0.0036662,0.76829,0.21883
0,0,0,0,0,0,0.0028079,0.76508,0.2231
0,0,0,0,0,0,0.0020641,0.76171,0.2274
0,0,0,0,0,0,0.0014347,0.75819,0.23175
0,0,0,0,0,0,0.00091981,0.75451,0.23614
0,0,0,0,0,0,0.00051936,0.75068,0.24057
0,0,0,0,0,0,0.00023337,0.74669,0.24504
0,0,0,0,0,0,6.184e-05,0.74255,0.24955
0,0,0,0,0,0,2.3647e-06,0.73826,0.2541
0,0,0,0,0,0,0,0.7339,0.25867
0,0,0,0,0,0,0,0.72954,0.26322
0,0,0,0,0,0,0,0.7252,0.26776
0,0,0,0,0,0,0,0.72087,0.27228
0,0,0,0,0,0,0,0.71655,0.27679
0,0,0,0,0,0,0,0.71225,0.28129
0,0,0,0,0,0,0,0.70796,0.28577
0,0,0,0,0,0,0,0.70368,0.29024
0,0,0,0,0,0,0,0.69941,0.2947
0,0,0,0,0,0,0,0.69516,0.29914
0,0,0,0,0,0,0,0.69092,0.30356
0,0,0,0,0,0,0,0.6867,0.30798
0,0,0,0,0,0,0,0.68249,0.31237
0,0,0,0,0,0,0,0.67829,0.31676
0,0,0,0,0,0,0,0.6741,0.32113
0,0,0,0,0,0,0,0.66992,0.32549
0,0,0,0,0,0,0,0.66576,0.32983
0,0,0,0,0,0,0,0.66162,0.33416
0,0,0,0,0,0,0,0.65748,0.33847
0,0,0,0,0,0,0,0.65336,0.34277
0,0,0,0,0,0,0,0.64925,0.34706
0,0,0,0,0,0,0,0.64515,0.35133
0,0,0,0,0,0,0,0.64107,0.35559
0,0,0,0,0,0,0,0.637,0.35983
0,0,0,0,0,0,0,0.63294,0.36406
0,0,0,0,0,0,0,0.6289,0.36828
0,0,0,0,0,0,0,0.62487,0.37248
0,0,0,0,0,0,0,0.62085,0.37667
0,0,0,0,0,0,0,0.61684,0.38084
0,0,0,0,0,0,0,0.61285,0.385
0,0,0,0,0,0,0,0.60887,0.38915
0,0,0,0,0,0,0,0.6049,0.39328
0,0,0,0,0,0,0,0.60095,0.3974
0,0,0,0,0,0,0,0.59701,0.4015
0,0,0,0,0,0,0,0.59308,0.40559
0,0,0,0,0,0,0,0.58917,0.40967
0,0,0,0,0,0,0,0.58527,0.41373
0,0,0,0,0,0,0,0.58138,0.41778
0,0,0,0,0,0,0,0.5775,0.42181
0,0,0,0,0,0,0,0.57364,0.42583
0,0,0,0,0,0,0,0.56979,0.42984
0,0,0,0,0,0,0,0.56595,0.43383
0,0,0,0,0,0,0,0.56213,0.43781
0,0,0,0,0,0,0,0.55832,0.44177
0,0,0,0,0,0,0,0.55452,0.44572
0,0,0,0,0,0,0,0.55073,0.44966
0,0,0,0,0,0,0,0.54696,0.45358
0,0,0,0,0,0,0,0.5432,0.45749
0,0,0,0,0,0,0,0.53946,0.46138
0,0,0,0,0,0,0,0.53572,0.46526
0,0,0,0,0,0,0,0.532,0.46912
0,0,0,0,0,0,0,0.52829,0.47298
0,0,0,0,0,0,0,0.5246,0.47681
0,0,0,0,0,0,0,0.52092,0.48064
0,0,0,0,0,0,0,0.51725,0.48445
0,0,0,0,0,0,0,0.51359,0.48824
0,0,0,0,0,0,0,0.50995,0.49202
0,0,0,0,0,0,0,0.50632,0.49579
0,0,0,0,0,0,0,0.50271,0.49955
0,0,0,0,0,0,0,0.4991,0.50328
0,0,0,0,0,0,0,0.49551,0.50701
0,0,0,0,0,0,0,0.49193,0.51072
0,0,0,0,0,0,0,0.48837,0.51442
0,0,0,0,0,0,0,0.48482,0.5181
0,0,0,0,0,0,0,0.48128,0.52177
0,0,0,0,0,0,0,0.47775,0.52543
0,0,0,0,0,0,0,0.47424,0.52907
0,0,0,0,0,0,0,0.47074,0.53269
0,0,0,0,0,0,0,0.46725,0.53631
0,0,0,0,0,0,0,0.46378,0.53991
0,0,0,0,0,0,0,0.46032,0.54349
0,0,0,0,0,0,0,0.45687,0.54706
0,0,0,0,0,0,0,0.45344,0.55062
0,0,0,0,0,0,0,0.45001,0.55416
0,0,0,0,0,0,0,0.4466,0.55769
0,0,0,0,0,0,0,0.44321,0.56121
0,0,0,0,0,0,0,0.43982,0.56471
0,0,0,0,0,0,0,0.43645,0.5682
0,0,0,0,0,0,0,0.4331,0.57167
0,0,0,0,0,0,0,0.42975,0.57513
0,0,0,0,0,0,0,0.42642,0.57857
0,0,0,0,0,0,0,0.4231,0.582
0,0,0,0,0,0,0,0.4198,0.58542
0,0,0,0,0,0,0,0.4165,0.58882
0,0,0,0,0,0,0,0.41323,0.59221
0,0,0,0,0,0,0,0.40996,0.59559
0,0,0,0,0,0,0,0.4067,0.59895
0,0,0,0,0,0,0,0.40346,0.60229
0,0,0,0,0,0,0,0.40024,0.60563
0,0,0,0,0,0,0,0.39702,0.60895
0,0,0,0,0,0,0,0.39382,0.61225
0,0,0,0,0,0,0,0.39063,0.61554
0,0,0,0,0,0,0,0.38746,0.61882
0,0,0,0,0,0,0,0.38429,0.62208
0,0,0,0,0,0,0,0.38114,0.62533
0,0,0,0,0,0,0,0.37801,0.62856
0,0,0,0,0,0,0,0.37488,0.63178
0,0,0,0,0,0,0,0.37177,0.63499
0,0,0,0,0,0,0,0.36867,0.63818
0,0,0,0,0,0,0,0.36559,0.64136
0,0,0,0,0,0,0,0.36252,0.64453
0,0,0,0,0,0,0,0.35946,0.64768
0,0,0,0,0,0,0,0.35641,0.65081
0,0,0,0,0,0,0,0.35338,0.65394
0,0,0,0,0,0,0,0.35036,0.65704
0,0,0,0,0,0,0,0.34735,0.66014
0,0,0,0,0,0,0,0.34435,0.66322
0,0,0,0,0,0,0,0.34137,0.66628
0,0,0,0,0,0,0,0.3384,0.66934
0,0,0,0,0,0,0,0.33545,0.67238
0,0,0,0,0,0,0,0.33251,0.6754
0,0,0,0,0,0,0,0.32958,0.67841
0,0,0,0,0,0,0,0.32666,0.68141
0,0,0,0,0,0,0,0.32376,0.68439
0,0,0,0,0,0,0,0.32087,0.68736
0,0,0,0,0,0,0,0.31799,0.69031
0,0,0,0,0,0,0,0.31512,0.69325
0,0,0,0,0,0,0,0.31227,0.69618
0,0,0,0,0,0,0,0.30943,0.69909
0,0,0,0,0,0,0,0.30661,0.70199
0,0,0,0,0,0,0,0.30379,0.70487
0,0,0,0,0,0,0,0.30099,0.70774
0,0,0,0,0,0,0,0.29821,0.7106
0,0,0,0,0,0,0,0.29543,0.71344
0,0,0,0,0,0,0,0.29267,0.71627
0,0,0,0,0,0,0,0.28992,0.71908
0,0,0,0,0,0,0,0.28719,0.72188
0,0,0,0,0,0,0,0.28447,0.72467
0,0,0,0,0,0,0,0.28176,0.72744
0,0,0,0,0,0,0,0.27906,0.7302
0,0,0,0,0,0,0,0.27638,0.73294
0,0,0,0,0,0,0,0.27371,0.73567
0,0,0,0,0,0,0,0.27105,0.73839
0,0,0,0,0,0,0,0.26841,0.74109
0,0,0,0,0,0,0,0.26577,0.74377
0,0,0,0,0,0,0,0.26316,0.74645
0,0,0,0,0,0,0,0.26055,0.74911
0,0,0,0,0,0,0,0.25796,0.75175
0,0,0,0,0,0,0,0.25538,0.75438
0,0,0,0,0,0,0,0.25281,0.757
0,0,0,0,0,0,0,0.25026,0.75961
0,0,0,0,0,0,0,0.24772,0.7622
0,0,0,0,0,0,0,0.24519,0.76477
0,0,0,0,0,0,0,0.24268,0.76733
0,0,0,0,0,0,0,0.24017,0.76988
0,0,0,0,0,0,0,0.23768,0.77241
0,0,0,0,0,0,0,0.23521,0.77493
0,0,0,0,0,0,0,0.23275,0.77744
0,0,0,0,0,0,0,0.2303,0.77993
0,0,0,0,0,0,0,0.22786,0.78241
0,0,0,0,0,0,0,0.22544,0.78487
0,0,0,0,0,0,0,0.22302,0.78732
0,0,0,0,0,0,0,0.22063,0.78975
0,0,0,0,0,0,0,0.21824,0.79218
0,0,0,0,0,0,0,0.21587,0.79458
0,0,0,0,0,0,0,0.21351,0.79698
0,0,0,0,0,0,0,0.21116,0.79936
0,0,0,0,0,0,0,0.20883,0.80172
0,0,0,0,0,0,0,0.20651,0.80407
0,0,0,0,0,0,0,0.2042,0.80641
0,0,0,0,0,0,0,0.20191,0.80873
0,0,0,0,0,0,0,0.19963,0.81104
0,0,0,0,0,0,0,0.19736,0.81334
0,0,0,0,0,0,0,0.1951,0.81562
0,0,0,0,0,0,0,0.19286,0.81788
0,0,0,0,0,0,0,0.19063,0.82014
0,0,0,0,0,0,0,0.18841,0.82238
0,0,0,0,0,0,0,0.18621,0.8246
0,0,0,0,0,0,0,0.18402,0.82681
0,0,0,0,0,0,0,0.18184,0.82901
0,0,0,0,0,0,0,0.17968,0.83119
0,0,0,0,0,0,0,0.17753,0.83336
0,0,0,0,0,0,0,0.17539,0.83552
0,0,0,0,0,0,0,0.17326,0.83766
0,0,0,0,0,0,0,0.17115,0.83978
0,0,0,0,0,0,0,0.16905,0.8419
0,0,0,0,0,0,0,0.16696,0.84399
0,0,0,0,0,0,0,0.16489,0.84608
0,0,0,0,0,0,0,0.16283,0.84815
0,0,0,0,0,0,0,0.16078,0.85021
0,0,0,0,0,0,0,0.15874,0.85225
0,0,0,0,0,0,0,0.15672,0.85428
0,0,0,0,0,0,0,0.15471,0.85629
0,0,0,0,0,0,0,0.15271,0.85829
0,0,0,0,0,0,0,0.15073,0.86028
0,0,0,0,0,0,0,0.14876,0.86225
0,0,0,0,0,0,0,0.1468,0.86421
0,0,0,0,0,0,0,0.14486,0.86616
0,0,0,0,0,0,0,0.14293,0.86809
0,0,0,0,0,0,0,0.14101,0.87
0,0,0,0,0,0,0,0.1391,0.8719
0,0,0,0,0,0,0,0.13721,0.87379
0,0,0,0,0,0,0,0.13533,0.87567
0,0,0,0,0,0,0,0.13347,0.87753
0,0,0,0,0,0,0,0.13161,0.87937
0,0,0,0,0,0,0,0.12977,0.88121
0,0,0,0,0,0,0,0.12794,0.88302
0,0,0,0,0,0,0,0.12613,0.88483
0,0,0,0,0,0,0,0.12433,0.88662
0,0,0,0,0,0,0,0.12254,0.8884
0,0,0,0,0,0,0,0.12076,0.89016
0,0,0,0,0,0,0,0.119,0.89191
0,0,0,0,0,0,0,0.11725,0.89364
0,0,0,0,0,0,0,0.11551,0.89536
0,0,0,0,0,0,0,0.11379,0.89707
0,0,0,0,0,0,0,0.11208,0.89876
0,0,0,0,0,0,0,0.11038,0.90044
0,0,0,0,0,0,0,0.10869,0.9021
0,0,0,0,0,0,0,0.10702,0.90375
0,0,0,0,0,0,0,0.10536,0.90539
0,0,0,0,0,0,0,0.10372,0.90701
0,0,0,0,0,0,0,0.10208,0.90862
0,0,0,0,0,0,0,0.10046,0.91021
0,0,0,0,0,0,0,0.098855,0.91179
0,0,0,0,0,0,0,0.09726,0.91336
0,0,0,0,0,0,0,0.095679,0.91491
0,0,0,0,0,0,0,0.09411,0.91645
0,0,0,0,0,0,0,0.092555,0.91797
0,0,0,0,0,0,0,0.091012,0.91948
0,0,0,0,0,0,0,0.089483,0.92097
0,0,0,0,0,0,0,0.087966,0.92246
0,0,0,0,0,0,0,0.086463,0.92392
0,0,0,0,0,0,0,0.084972,0.92538
0,0,0,0,0,0,0,0.083494,0.92682
0,0,0,0,0,0,0,0.082029,0.92824
0,0,0,0,0,0,0,0.080578,0.92965
0,0,0,0,0,0,0,0.079139,0.93105
0,0,0,0,0,0,0,0.077713,0.93244
0,0,0,0,0,0,0,0.0763,0.93381
0,0,0,0,0,0,0,0.0749,0.93516
0,0,0,0,0,0,0,0.073513,0.9365
0,0,0,0,0,0,0,0.072139,0.93783
0,0,0,0,0,0,0,0.070778,0.93914
0,0,0,0,0,0,0,0.06943,0.94044
0,0,0,0,0,0,0,0.068094,0.94173
0,0,0,0,0,0,0,0.066772,0.943
0,0,0,0,0,0,0,0.065463,0.94426
0,0,0,0,0,0,0,0.064167,0.9455
0,0,0,0,0,0,0,0.062884,0.94673
0,0,0,0,0,0,0,0.061613,0.94794
0,0,0,0,0,0,0,0.060356,0.94915
0,0,0,0,0,0,0,0.059111,0.95033
0,0,0,0,0,0,0,0.05788,0.95151
0,0,0,0,0,0,0,0.056661,0.95267
0,0,0,0,0,0,0,0.055456,0.95381
0,0,0,0,0,0,0,0.054263,0.95494
0,0,0,0,0,0,0,0.053084,0.95606
0,0,0,0,0,0,0,0.051917,0.95716
0,0,0,0,0,0,0,0.050763,0.95825
0,0,0,0,0,0,0,0.049623,0.95933
0,0,0,0,0,0,0,0.048495,0.96039
0,0,0,0,0,0,0,0.04738,0.96143
0,0,0,0,0,0,0,0.046278,0.96247
0,0,0,0,0,0,0,0.04519,0.96349
0,0,0,0,0,0,0,0.044114,0.96449
0,0,0,0,0,0,0,0.043051,0.96548
0,0,0,0,0,0,0,0.042001,0.96646
0,0,0,0,0,0,0,0.040964,0.96742
0,0,0,0,0,0,0,0.03994,0.96837
0,0,0,0,0,0,0,0.038929,0.96931
0,0,0,0,0,0,0,0.03793,0.97023
0,0,0,0,0,0,0,0.036945,0.97113
0,0,0,0,0,0,0,0.035973,0.97203
0,0,0,0,0,0,0,0.035014,0.9729
0,0,0,0,0,0,0,0.034068,0.97377
0,0,0,0,0,0,0,0.033134,0.97462
0,0,0,0,0,0,0,0.032214,0.97546
0,0,0,0,0,0,0,0.031307,0.97628
0,0,0,0,0,0,0,0.030412,0.97709
0,0,0,0,0,0,0,0.029531,0.97788
0,0,0,0,0,0,0,0.028662,0.97866
0,0,0,0,0,0,0,0.027807,0.97943
0,0,0,0,0,0,0,0.026964,0.98018
0,0,0,0,0,0,0,0.026135,0.98092
0,0,0,0,0,0,0,0.025318,0.98165
0,0,0,0,0,0,0,0.024514,0.98236
0,0,0,0,0,0,0,0.023723,0.98305
0,0,0,0,0,0,0,0.022946,0.98373
0,0,0,0,0,0,0,0.022181,0.9844
0,0,0,0,0,0,0,0.021429,0.98506
0,0,0,0,0,0,0,0.02069,0.9857
0,0,0,0,0,0,0,0.019964,0.98632
0,0,0,0,0,0,0,0.019251,0.98694
0,0,0,0,0,0,0,0.018551,0.98753
0,0,0,0,0,0,0,0.017864,0.98812
0,0,0,0,0,0,0,0.01719,0.98869
0,0,0,0,0,0,0,0.016529,0.98925
0,0,0,0,0,0,0,0.015881,0.98979
0,0,0,0,0,0,0,0.015246,0.99032
0,0,0,0,0,0,0,0.014624,0.99083
0,0,0,0,0,0,0,0.014015,0.99133
0,0,0,0,0,0,0,0.013418,0.99182
0,0,0,0,0,0,0,0.012835,0.99229
0,0,0,0,0,0,0,0.012265,0.99275
0,0,0,0,0,0,0,0.011707,0.99319
0,0,0,0,0,0,0,0.011163,0.99362
0,0,0,0,0,0,0,0.010631,0.99404
0,0,0,0,0,0,0,0.010113,0.99444
0,0,0,0,0,0,0,0.0096073,0.99483
0,0,0,0,0,0,0,0.0091147,0.9952
0,0,0,0,0,0,0,0.0086351,0.99556
0,0,0,0,0,0,0,0.0081684,0.99591
0,0,0,0,0,0,0,0.0077147,0.99624
0,0,0,0,0,0,0,0.007274,0.99656
0,0,0,0,0,0,0,0.0068462,0.99686
0,0,0,0,0,0,0,0.0064314,0.99715
0,0,0,0,0,0,0,0.0060296,0.99742
0,0,0,0,0,0,0,0.0056407,0.99769
0,0,0,0,0,0,0,0.0052648,0.99793
0,0,0,0,0,0,0,0.0049019,0.99817
0,0,0,0,0,0,0,0.0045519,0.99839
0,0,0,0,0,0,0,0.0042149,0.99859
0,0,0,0,0,0,0,0.0038908,0.99878
0,0,0,0,0,0,0,0.0035797,0.99896
0,0,0,0,0,0,0,0.0032816,0.99913
0,0,0,0,0,0,0,0.0029964,0.99928
0,0,0,0,0,0,0,0.0027242,0.99941
0,0,0,0,0,0,0,0.0024649,0.99953
0,0,0,0,0,0,0,0.0022187,0.99964
0,0,0,0,0,0,0,0.0019853,0.99973
0,0,0,0,0,0,0,0.001765,0.99981
0,0,0,0,0,0,0,0.0015576,0.99988
0,0,0,0,0,0,0,0.0013631,0.99993
0,0,0,0,0,0,0,0.0011817,0.99997
0,0,0,0,0,0,0,0.0010132,0.99999
0,0,0,0,0,0,0,0.00085762,1
0,0,0,0,0,0,0,0.00071504,1
0,0,0,0,0,0,0,0.00058542,0.99998
0,0,0,0,0,0,0,0.00046876,0.99994
0,0,0,0,0,0,0,0.00036507,0.9999
0,0,0,0,0,0,0,0.00027433,0.99984
0,0,0,0,0,0,0,0.00019657,0.99976
0,0,0,0,0,0,0,0.00013176,0.99967
0,0,0,0,0,0,0,7.9914e-05,0.99957
0,0,0,0,0,0,0,4.1032e-05,0.99945
0,0,0,0,0,0,0,1.5113e-05,0.99932
0,0,0,0,0,0,0,2.1572e-06,0.99918
