0.00049946,0,0,0,0,0,0,0,1
0.0034932,0,0,0,0,0,0,0,1
0.0094792,0,0,0,0,0,0,0,1
0.018457,0,0,0,0,0,0,0,1
0.030428,0,0,0,0,0,0,0,1
0.045391,0,0,0,0,0,0,0,1
0.063346,0,0,0,0,0,0,0,1
0.084293,0,0,0,0,0,0,0,1
0.10823,0,0,0,0,0,0,0,1
0.13516,0,0,0,0,0,0,0,1
0.16509,0,0,0,0,0,0,0,1
0.198,0,0,0,0,0,0,0,1
0.23391,0,0,0,0,0,0,0,1
0.27281,0,0,0,0,0,0,0,1
0.31471,0,0,0,0,0,0,0,1
0.35959,0,0,0,0,0,0,0,1
0.40744,8.6249e-06,0,0,0,0,0,0,1
0.45595,0.00053905,0,0,0,0,0,0,1
0.50151,0.0023842,0,0,0,0,0,0,1
0.54383,0.0056121,0,0,0,0,0,0,1
0.58293,0.010223,0,0,0,0,0,0,1
0.61879,0.016216,0,0,0,0,0,0,1
0.65142,0.023592,0,0,0,0,0,0,1
0.68082,0.03235,0,0,0,0,0,0,1
0.70699,0.042491,0,0,0,0,0,0,1
0.72993,0.054015,0,0,0,0,0,0,1
0.74963,0.066922,0,0,0,0,0,0,1
0.76611,0.081211,0,0,0,0,0,0,1
0.77935,0.096883,0,0,0,0,0,0,1
0.78936,0.11394,0,0,0,0,0,0,1
0.79614,0.13237,0,0,0,0,0,0,1
0.79968,0.15219,0,0,0,0,0,0,1
0.8,0.1734,0,0,0,0,0,0,1
0.79708,0.19598,0,0,0,0,0,0,1
0.79094,0.21995,0,0,0,0,0,0,1
0.78156,0.2453,0,0,0,0,0,0,1
0.76895,0.27203,0,0,0,0,0,0,1
0.7531,0.30015,0,0,0,0,0,0,1
0.73403,0.32965,0,0,0,0,0,0,1
0.71172,0.36053,0,0,0,0,0,0,1
0.68618,0.39279,0,0,0,0,0,0,1
0.65742,0.42644,0,0,0,0,0,0,1
0.62541,0.46147,0,0,0,0,0,0,1
0.59018,0.49788,0,0,0,0,0,0,1
0.55186,0.53555,3.8296e-05,0,0,0,0,0,1
0.51283,0.57235,0.00079963,0,0,0,0,0,1
0.47517,0.60646,0.0028748,0,0,0,0,0,1
0.43895,0.6378,0.0062833,0,0,0,0,0,1
0.40416,0.66637,0.011025,0,0,0,0,0,1
0.3708,0.69218,0.0171,0,0,0,0,0,1
0.33889,0.71522,0.024508,0,0,0,0,0,1
0.30841,0.73549,0.033249,0,0,0,0,0,1
0.27937,0.75301,0.043324,0,0,0,0,0,1
0.25176,0.76775,0.054732,0,0,0,0,0,1
0.22559,0.77973,0.067473,0,0,0,0,0,1
0.20085,0.78895,0.081547,0,0,0,0,0,1
0.17755,0.7954,0.096955,0,0,0,0,0,1
0.15569,0.79908,0.1137,0,0,0,0,0,1
0.13527,0.8,0.13177,0,0,0,0,0,1
0.11628,0.79815,0.15118,0,0,0,0,0,1
0.098724,0.79354,0.17192,0,0,0,0,0,1
0.082607,0.78617,0.19399,0,0,0,0,0,1
0.067926,0.77602,0.2174,0,0,0,0,0,1
0.054682,0.76312,0.24214,0,0,0,0,0,1
0.042874,0.74744,0.26821,0,0,0,0,0,1
0.032502,0.729,0.29562,0,0,0,0,0,1
0.023567,0.7078,0.32436,0,0,0,0,0,1
0.016068,0.68383,0.35443,0,0,0,0,0,1
0.010005,0.6571,0.38584,0,0,0,0,0,1
0.0053779,0.6276,0.41858,0,0,0,0,0,1
0.0021875,0.59533,0.45265,0,0,0,0,0,1
0.00043345,0.5603,0.48806,0,0,0,0,0,1
2.5936e-06,0.52284,0.5245,8.6974e-05,0,0,0,0,1
0,0.48552,0.55966,0.00095002,0,0,0,0,1
0,0.44957,0.59242,0.0029171,0,0,0,0,1
0,0.41501,0.62279,0.0059902,0,0,0,0,1
0,0.38182,0.65076,0.010169,0,0,0,0,1
0,0.35002,0.67632,0.015454,0,0,0,0,1
0,0.3196,0.69949,0.021846,0,0,0,0,1
0,0.29057,0.72026,0.029343,0,0,0,0,1
0,0.26292,0.73862,0.037946,0,0,0,0,1
0,0.23665,0.75459,0.047655,0,0,0,0,1
0,0.21176,0.76816,0.058471,0,0,0,0,1
0,0.18826,0.77933,0.070392,0,0,0,0,1
0,0.16613,0.78809,0.083419,0,0,0,0,1
0,0.1454,0.79446,0.097553,0,0,0,0,1
0,0.12604,0.79843,0.11279,0,0,0,0,1
0,0.10807,0.8,0.12914,0,0,0,0,1
0,0.091475,0.79917,0.14659,0,0,0,0,1
0,0.076267,0.79594,0.16515,0,0,0,0,1
0,0.062441,0.79031,0.18481,0,0,0,0,1
0,0.049998,0.78228,0.20558,0,0,0,0,1
0,0.038938,0.77185,0.22745,0,0,0,0,1
0,0.02926,0.75901,0.25044,0,0,0,0,1
0,0.020965,0.74378,0.27452,0,0,0,0,1
0,0.014053,0.72615,0.29972,0,0,0,0,1
0,0.0085229,0.70612,0.32602,0,0,0,0,1
0,0.0043759,0.68369,0.35342,0,0,0,0,1
0,0.0016116,0.65886,0.38193,0,0,0,0,1
0,0.00022995,0.63164,0.41155,0,0,0,0,1
0,0,0.60253,0.44187,8.6216e-05,0,0,0,1
0,0,0.57362,0.47133,0.000603,0,0,0,1
0,0,0.54541,0.49953,0.0016363,0,0,0,1
0,0,0.51792,0.52646,0.0031861,0,0,0,1
0,0,0.49113,0.55212,0.0052525,0,0,0,1
0,0,0.46506,0.57652,0.0078354,0,0,0,1
0,0,0.4397,0.59966,0.010935,0,0,0,1
0,0,0.41505,0.62154,0.014551,0,0,0,1
0,0,0.39111,0.64215,0.018683,0,0,0,1
0,0,0.36788,0.66149,0.023332,0,0,0,1
0,0,0.34537,0.67957,0.028498,0,0,0,1
0,0,0.32356,0.69639,0.03418,0,0,0,1
0,0,0.30247,0.71195,0.040378,0,0,0,1
0,0,0.28208,0.72624,0.047093,0,0,0,1
0,0,0.26241,0.73926,0.054325,0,0,0,1
0,0,0.24345,0.75102,0.062073,0,0,0,1
0,0,0.2252,0.76152,0.070338,0,0,0,1
0,0,0.20766,0.77076,0.079119,0,0,0,1
0,0,0.19083,0.77873,0.088416,0,0,0,1
0,0,0.17472,0.78543,0.098231,0,0,0,1
0,0,0.15931,0.79087,0.10856,0,0,0,1
0,0,0.14462,0.79505,0.11941,0,0,0,1
0,0,0.13063,0.79796,0.13077,0,0,0,1
0,0,0.11736,0.79961,0.14265,0,0,0,1
0,0,0.1048,0.8,0.15505,0,0,0,1
0,0,0.092946,0.79912,0.16796,0,0,0,1
0,0,0.081806,0.79698,0.18139,0,0,0,1
0,0,0.071378,0.79357,0.19534,0,0,0,1
0,0,0.06166,0.7889,0.2098,0,0,0,1
0,0,0.052654,0.78297,0.22478,0,0,0,1
0,0,0.044358,0.77577,0.24028,0,0,0,1
0,0,0.036774,0.76731,0.25629,0,0,0,1
0,0,0.029901,0.75758,0.27282,0,0,0,1
0,0,0.023739,0.74659,0.28986,0,0,0,1
0,0,0.018288,0.73433,0.30743,0,0,0,1
0,0,0.013548,0.72082,0.32551,0,0,0,1
0,0,0.0095185,0.70603,0.3441,0,0,0,1
0,0,0.0062006,0.68999,0.36321,0,0,0,1
0,0,0.0035937,0.67268,0.38284,0,0,0,1
0,0,0.0016979,0.6541,0.40298,0,0,0,1
0,0,0.00051313,0.63426,0.42365,0,0,0,1
0,0,3.5035e-05,0.61316,0.44482,1.6816e-06,0,0,1
0,0,0,0.59142,0.46607,0.0001051,0,0,1
0,0,0,0.57001,0.48672,0.00046484,0,0,1
0,0,0,0.54898,0.5067,0.0010942,0,0,1
0,0,0,0.52835,0.52603,0.001993,0,0,1
0,0,0,0.50812,0.5447,0.0031615,0,0,1
0,0,0,0.48828,0.5627,0.0045995,0,0,1
0,0,0,0.46884,0.58005,0.0063071,0,0,1
0,0,0,0.44979,0.59675,0.0082843,0,0,1
0,0,0,0.43114,0.61278,0.010531,0,0,1
0,0,0,0.41288,0.62815,0.013047,0,0,1
0,0,0,0.39502,0.64287,0.015833,0,0,1
0,0,0,0.37755,0.65693,0.018889,0,0,1
0,0,0,0.36048,0.67032,0.022214,0,0,1
0,0,0,0.3438,0.68306,0.025808,0,0,1
0,0,0,0.32752,0.69515,0.029673,0,0,1
0,0,0,0.31163,0.70657,0.033806,0,0,1
0,0,0,0.29614,0.71733,0.03821,0,0,1
0,0,0,0.28104,0.72744,0.042883,0,0,1
0,0,0,0.26634,0.73689,0.047825,0,0,1
0,0,0,0.25203,0.74568,0.053037,0,0,1
0,0,0,0.23812,0.75381,0.058519,0,0,1
0,0,0,0.2246,0.76128,0.06427,0,0,1
0,0,0,0.21148,0.76809,0.070291,0,0,1
0,0,0,0.19875,0.77425,0.076581,0,0,1
0,0,0,0.18642,0.77974,0.083141,0,0,1
0,0,0,0.17448,0.78458,0.08997,0,0,1
0,0,0,0.16294,0.78876,0.097069,0,0,1
0,0,0,0.15179,0.79228,0.10444,0,0,1
0,0,0,0.14104,0.79514,0.11208,0,0,1
0,0,0,0.13068,0.79734,0.11998,0,0,1
0,0,0,0.12072,0.79889,0.12816,0,0,1
0,0,0,0.11115,0.79977,0.13661,0,0,1
0,0,0,0.10198,0.8,0.14532,0,0,1
0,0,0,0.0932,0.79957,0.15431,0,0,1
0,0,0,0.084817,0.79848,0.16357,0,0,1
0,0,0,0.07683,0.79673,0.17309,0,0,1
0,0,0,0.069237,0.79432,0.18289,0,0,1
0,0,0,0.06204,0.79126,0.19295,0,0,1
0,0,0,0.055238,0.78753,0.20328,0,0,1
0,0,0,0.04883,0.78315,0.21389,0,0,1
0,0,0,0.042818,0.77811,0.22476,0,0,1
0,0,0,0.0372,0.77241,0.2359,0,0,1
0,0,0,0.031978,0.76605,0.24732,0,0,1
0,0,0,0.02715,0.75904,0.259,0,0,1
0,0,0,0.022718,0.75136,0.27095,0,0,1
0,0,0,0.01868,0.74303,0.28317,0,0,1
0,0,0,0.015038,0.73403,0.29566,0,0,1
0,0,0,0.011791,0.72438,0.30842,0,0,1
0,0,0,0.0089383,0.71407,0.32145,0,0,1
0,0,0,0.0064809,0.7031,0.33475,0,0,1
0,0,0,0.0044185,0.69148,0.34832,0,0,1
0,0,0,0.0027512,0.67919,0.36216,0,0,1
0,0,0,0.0014788,0.66625,0.37626,0,0,1
0,0,0,0.00060147,0.65265,0.39064,0,0,1
0,0,0,0.00011915,0.63838,0.40529,0,0,1
0,0,0,7.1115e-07,0.62354,0.42016,7.7353e-06,0,1
0,0,0,0,0.60861,0.4349,8.4492e-05,0,1
0,0,0,0,0.59387,0.44936,0.00025944,0,1
0,0,0,0,0.57931,0.46352,0.00053275,0,1
0,0,0,0,0.56493,0.4774,0.00090443,0,1
0,0,0,0,0.55072,0.49098,0.0013745,0,1
0,0,0,0,0.5367,0.50427,0.0019429,0,1
0,0,0,0,0.52286,0.51726,0.0026097,0,1
0,0,0,0,0.5092,0.52997,0.0033748,0,1
0,0,0,0,0.49573,0.54238,0.0042383,0,1
0,0,0,0,0.48243,0.5545,0.0052002,0,1
0,0,0,0,0.46931,0.56633,0.0062605,0,1
0,0,0,0,0.45638,0.57787,0.0074191,0,1
0,0,0,0,0.44362,0.58911,0.0086761,0,1
0,0,0,0,0.43105,0.60006,0.010031,0,1
0,0,0,0,0.41865,0.61072,0.011485,0,1
0,0,0,0,0.40644,0.62109,0.013037,0,1
0,0,0,0,0.39441,0.63117,0.014688,0,1
0,0,0,0,0.38256,0.64095,0.016437,0,1
0,0,0,0,0.37089,0.65044,0.018284,0,1
0,0,0,0,0.3594,0.65964,0.020229,0,1
0,0,0,0,0.34809,0.66855,0.022273,0,1
0,0,0,0,0.33696,0.67717,0.024415,0,1
0,0,0,0,0.32601,0.68549,0.026656,0,1
0,0,0,0,0.31525,0.69352,0.028995,0,1
0,0,0,0,0.30466,0.70126,0.031433,0,1
0,0,0,0,0.29426,0.70871,0.033968,0,1
0,0,0,0,0.28403,0.71587,0.036602,0,1
0,0,0,0,0.27399,0.72273,0.039335,0,1
0,0,0,0,0.26413,0.7293,0.042166,0,1
0,0,0,0,0.25444,0.73558,0.045095,0,1
0,0,0,0,0.24494,0.74157,0.048123,0,1
0,0,0,0,0.23562,0.74727,0.051249,0,1
0,0,0,0,0.22648,0.75267,0.054473,0,1
0,0,0,0,0.21752,0.75778,0.057796,0,1
0,0,0,0,0.20875,0.7626,0.061217,0,1
0,0,0,0,0.20015,0.76713,0.064736,0,1
0,0,0,0,0.19173,0.77137,0.068354,0,1
0,0,0,0,0.1835,0.77531,0.07207,0,1
0,0,0,0,0.17544,0.77896,0.075885,0,1
0,0,0,0,0.16757,0.78232,0.079797,0,1
0,0,0,0,0.15988,0.78539,0.083809,0,1
0,0,0,0,0.15236,0.78816,0.087918,0,1
0,0,0,0,0.14503,0.79065,0.092126,0,1
0,0,0,0,0.13788,0.79284,0.096433,0,1
0,0,0,0,0.13091,0.79474,0.10084,0,1
0,0,0,0,0.12412,0.79634,0.10534,0,1
0,0,0,0,0.11751,0.79766,0.10994,0,1
0,0,0,0,0.11108,0.79868,0.11464,0,1
0,0,0,0,0.10484,0.79941,0.11944,0,1
0,0,0,0,0.098771,0.79985,0.12434,0,1
0,0,0,0,0.092886,0.8,0.12933,0,1
0,0,0,0,0.087182,0.79986,0.13442,0,1
0,0,0,0,0.081658,0.79942,0.13962,0,1
0,0,0,0,0.076315,0.79869,0.14491,0,1
0,0,0,0,0.071152,0.79767,0.15029,0,1
0,0,0,0,0.066171,0.79635,0.15578,0,1
0,0,0,0,0.06137,0.79475,0.16137,0,1
0,0,0,0,0.05675,0.79285,0.16705,0,1
0,0,0,0,0.052311,0.79066,0.17283,0,1
0,0,0,0,0.048053,0.78818,0.17871,0,1
0,0,0,0,0.043975,0.78541,0.18469,0,1
0,0,0,0,0.040079,0.78234,0.19077,0,1
0,0,0,0,0.036363,0.77899,0.19694,0,1
0,0,0,0,0.032828,0.77534,0.20322,0,1
0,0,0,0,0.029473,0.77139,0.20959,0,1
0,0,0,0,0.0263,0.76716,0.21606,0,1
0,0,0,0,0.023307,0.76264,0.22263,0,1
0,0,0,0,0.020495,0.75782,0.2293,0,1
0,0,0,0,0.017863,0.75271,0.23606,0,1
0,0,0,0,0.015413,0.74731,0.24293,0,1
0,0,0,0,0.013143,0.74161,0.24989,0,1
0,0,0,0,0.011054,0.73563,0.25695,0,1
0,0,0,0,0.0091461,0.72935,0.26411,0,1
0,0,0,0,0.0074187,0.72278,0.27136,0,1
0,0,0,0,0.0058722,0.71592,0.27872,0,1
0,0,0,0,0.0045064,0.70876,0.28617,0,1
0,0,0,0,0.0033214,0.70132,0.29373,0,1
0,0,0,0,0.0023172,0.69358,0.30138,0,1
0,0,0,0,0.0014937,0.68555,0.30913,0,1
0,0,0,0,0.00085107,0.67723,0.31697,0,1
0,0,0,0,0.0003892,0.66861,0.32492,0,1
0,0,0,0,0.00010811,0.65971,0.33296,0,1
0,0,0,0,5.1463e-06,0.65051,0.34111,2.4319e-07,1
0,0,0,0,0,0.64119,0.34927,8.0639e-06,1
0,0,0,0,0,0.63193,0.35736,3.1918e-05,1
0,0,0,0,0,0.62273,0.36538,7.2275e-05,1
0,0,0,0,0,0.61361,0.37332,0.00012913,1
0,0,0,0,0,0.60455,0.38119,0.0002025,1
0,0,0,0,0,0.59555,0.38899,0.00029236,1
0,0,0,0,0,0.58663,0.39672,0.00039873,1
0,0,0,0,0,0.57777,0.40437,0.00052159,1
0,0,0,0,0,0.56898,0.41195,0.00066097,1
0,0,0,0,0,0.56025,0.41945,0.00081684,1
0,0,0,0,0,0.5516,0.42688,0.00098922,1
0,0,0,0,0,0.54301,0.43424,0.0011781,1
0,0,0,0,0,0.53449,0.44153,0.0013835,1
0,0,0,0,0,0.52603,0.44874,0.0016054,1
0,0,0,0,0,0.51765,0.45588,0.0018437,1
0,0,0,0,0,0.50933,0.46294,0.0020986,1
0,0,0,0,0,0.50108,0.46993,0.00237,1
0,0,0,0,0,0.49289,0.47685,0.0026579,1
0,0,0,0,0,0.48477,0.4837,0.0029623,1
0,0,0,0,0,0.47673,0.49047,0.0032832,1
0,0,0,0,0,0.46874,0.49717,0.0036206,1
0,0,0,0,0,0.46083,0.5038,0.0039745,1
0,0,0,0,0,0.45298,0.51035,0.0043449,1
0,0,0,0,0,0.4452,0.51683,0.0047318,1
0,0,0,0,0,0.43749,0.52323,0.0051352,1
0,0,0,0,0,0.42984,0.52957,0.0055552,1
0,0,0,0,0,0.42226,0.53582,0.0059916,1
0,0,0,0,0,0.41475,0.54201,0.0064445,1
0,0,0,0,0,0.40731,0.54812,0.0069139,1
0,0,0,0,0,0.39994,0.55416,0.0073998,1
0,0,0,0,0,0.39263,0.56013,0.0079023,1
0,0,0,0,0,0.38539,0.56602,0.0084212,1
0,0,0,0,0,0.37821,0.57184,0.0089566,1
0,0,0,0,0,0.37111,0.57759,0.0095085,1
0,0,0,0,0,0.36407,0.58326,0.010077,1
0,0,0,0,0,0.3571,0.58886,0.010662,1
0,0,0,0,0,0.35019,0.59439,0.011263,1
0,0,0,0,0,0.34336,0.59984,0.011881,1
0,0,0,0,0,0.33659,0.60522,0.012516,1
0,0,0,0,0,0.32988,0.61053,0.013167,1
0,0,0,0,0,0.32325,0.61576,0.013834,1
0,0,0,0,0,0.31668,0.62092,0.014518,1
0,0,0,0,0,0.31018,0.626,0.015219,1
0,0,0,0,0,0.30375,0.63102,0.015935,1
0,0,0,0,0,0.29739,0.63596,0.016669,1
0,0,0,0,0,0.29109,0.64083,0.017419,1
0,0,0,0,0,0.28486,0.64562,0.018185,1
0,0,0,0,0,0.2787,0.65034,0.018968,1
0,0,0,0,0,0.2726,0.65499,0.019768,1
0,0,0,0,0,0.26657,0.65956,0.020584,1
0,0,0,0,0,0.26061,0.66406,0.021416,1
0,0,0,0,0,0.25472,0.66849,0.022265,1
0,0,0,0,0,0.24889,0.67284,0.023131,1
0,0,0,0,0,0.24314,0.67712,0.024013,1
0,0,0,0,0,0.23745,0.68133,0.024911,1
0,0,0,0,0,0.23182,0.68546,0.025826,1
0,0,0,0,0,0.22627,0.68952,0.026758,1
0,0,0,0,0,0.22078,0.69351,0.027706,1
0,0,0,0,0,0.21536,0.69742,0.02867,1
0,0,0,0,0,0.21,0.70127,0.029651,1
0,0,0,0,0,0.20471,0.70503,0.030649,1
0,0,0,0,0,0.1995,0.70873,0.031663,1
0,0,0,0,0,0.19434,0.71235,0.032693,1
0,0,0,0,0,0.18926,0.7159,0.03374,1
0,0,0,0,0,0.18424,0.71937,0.034804,1
0,0,0,0,0,0.17929,0.72277,0.035884,1
0,0,0,0,0,0.17441,0.7261,0.03698,1
0,0,0,0,0,0.1696,0.72935,0.038093,1
0,0,0,0,0,0.16485,0.73253,0.039223,1
0,0,0,0,0,0.16017,0.73564,0.040369,1
0,0,0,0,0,0.15556,0.73868,0.041531,1
0,0,0,0,0,0.15101,0.74164,0.04271,1
0,0,0,0,0,0.14653,0.74453,0.043906,1
0,0,0,0,0,0.14212,0.74734,0.045118,1
0,0,0,0,0,0.13778,0.75008,0.046346,1
0,0,0,0,0,0.1335,0.75275,0.047591,1
0,0,0,0,0,0.1293,0.75535,0.048853,1
0,0,0,0,0,0.12515,0.75787,0.050131,1
0,0,0,0,0,0.12108,0.76032,0.051426,1
0,0,0,0,0,0.11708,0.76269,0.052737,1
0,0,0,0,0,0.11314,0.76499,0.054064,1
0,0,0,0,0,0.10927,0.76722,0.055408,1
0,0,0,0,0,0.10546,0.76938,0.056769,1
0,0,0,0,0,0.10173,0.77146,0.058146,1
0,0,0,0,0,0.098056,0.77347,0.059539,1
0,0,0,0,0,0.094454,0.7754,0.060949,1
0,0,0,0,0,0.09092,0.77727,0.062376,1
0,0,0,0,0,0.087453,0.77905,0.063819,1
0,0,0,0,0,0.084053,0.78077,0.065279,1
0,0,0,0,0,0.080721,0.78241,0.066755,1
0,0,0,0,0,0.077457,0.78398,0.068247,1
0,0,0,0,0,0.074259,0.78548,0.069756,1
0,0,0,0,0,0.071129,0.7869,0.071282,1
0,0,0,0,0,0.068067,0.78825,0.072824,1
0,0,0,0,0,0.065071,0.78952,0.074383,1
0,0,0,0,0,0.062144,0.79073,0.075958,1
0,0,0,0,0,0.059283,0.79186,0.077549,1
0,0,0,0,0,0.05649,0.79291,0.079157,1
0,0,0,0,0,0.053765,0.79389,0.080782,1
0,0,0,0,0,0.051107,0.7948,0.082423,1
0,0,0,0,0,0.048516,0.79564,0.084081,1
0,0,0,0,0,0.045992,0.7964,0.085755,1
0,0,0,0,0,0.043536,0.79709,0.087445,1
0,0,0,0,0,0.041148,0.79771,0.089152,1
0,0,0,0,0,0.038826,0.79825,0.090876,1
0,0,0,0,0,0.036573,0.79872,0.092616,1
0,0,0,0,0,0.034386,0.79912,0.094373,1
0,0,0,0,0,0.032267,0.79944,0.096146,1
0,0,0,0,0,0.030215,0.79969,0.097935,1
0,0,0,0,0,0.028231,0.79987,0.099742,1
0,0,0,0,0,0.026314,0.79997,0.10156,1
0,0,0,0,0,0.024465,0.8,0.1034,1
0,0,0,0,0,0.022683,0.79996,0.10526,1
0,0,0,0,0,0.020968,0.79984,0.10713,1
0,0,0,0,0,0.019321,0.79965,0.10902,1
0,0,0,0,0,0.017741,0.79939,0.11092,1
0,0,0,0,0,0.016228,0.79905,0.11285,1
0,0,0,0,0,0.014783,0.79864,0.11478,1
0,0,0,0,0,0.013405,0.79816,0.11674,1
0,0,0,0,0,0.012095,0.7976,0.11871,1
0,0,0,0,0,0.010852,0.79697,0.1207,1
0,0,0,0,0,0.0096763,0.79627,0.1227,1
0,0,0,0,0,0.0085682,0.79549,0.12472,1
0,0,0,0,0,0.0075274,0.79464,0.12676,1
0,0,0,0,0,0.006554,0.79372,0.12881,1
0,0,0,0,0,0.005648,0.79272,0.13088,1
0,0,0,0,0,0.0048094,0.79166,0.13297,1
0,0,0,0,0,0.0040382,0.79051,0.13507,1
0,0,0,0,0,0.0033344,0.7893,0.13719,1
0,0,0,0,0,0.002698,0.78801,0.13933,1
0,0,0,0,0,0.002129,0.78665,0.14148,1
0,0,0,0,0,0.0016273,0.78521,0.14365,1
0,0,0,0,0,0.0011931,0.7837,0.14584,1
0,0,0,0,0,0.00082625,0.78212,0.14804,1
0,0,0,0,0,0.0005268,0.78046,0.15026,1
0,0,0,0,0,0.00029474,0.77873,0.15249,1
0,0,0,0,0,0.00013007,0.77693,0.15474,1
0,0,0,0,0,3.2797e-05,0.77506,0.15701,1
0,0,0,0,0,9.7908e-07,0.77311,0.1593,1
0,0,0,0,0,0,0.77113,0.16159,1
0,0,0,0,0,0,0.76915,0.16387,1
0,0,0,0,0,0,0.76718,0.16616,1
0,0,0,0,0,0,0.76521,0.16844,1
0,0,0,0,0,0,0.76324,0.17072,1
0,0,0,0,0,0,0.76127,0.17299,1
0,0,0,0,0,0,0.75931,0.17526,1
0,0,0,0,0,0,0.75734,0.17753,1
0,0,0,0,0,0,0.75538,0.1798,1
0,0,0,0,0,0,0.75343,0.18206,1
0,0,0,0,0,0,0.75147,0.18432,1
0,0,0,0,0,0,0.74952,0.18657,1
0,0,0,0,0,0,0.74757,0.18883,1
0,0,0,0,0,0,0.74562,0.19108,1
0,0,0,0,0,0,0.74368,0.19332,1
0,0,0,0,0,0,0.74174,0.19557,1
0,0,0,0,0,0,0.7398,0.19781,1
0,0,0,0,0,0,0.73786,0.20004,1
0,0,0,0,0,0,0.73593,0.20228,1
0,0,0,0,0,0,0.734,0.20451,1
0,0,0,0,0,0,0.73207,0.20674,1
0,0,0,0,0,0,0.73014,0.20896,1
0,0,0,0,0,0,0.72822,0.21118,1
0,0,0,0,0,0,0.7263,0.2134,1
0,0,0,0,0,0,0.72438,0.21562,1
0,0,0,0,0,0,0.72246,0.21783,1
0,0,0,0,0,0,0.72055,0.22004,1
0,0,0,0,0,0,0.71864,0.22224,1
0,0,0,0,0,0,0.71673,0.22445,1
0,0,0,0,0,0,0.71482,0.22665,1
0,0,0,0,0,0,0.71292,0.22884,1
0,0,0,0,0,0,0.71102,0.23104,1
0,0,0,0,0,0,0.70912,0.23323,1
0,0,0,0,0,0,0.70722,0.23541,1
0,0,0,0,0,0,0.70533,0.2376,1
0,0,0,0,0,0,0.70344,0.23978,1
0,0,0,0,0,0,0.70155,0.24196,1
0,0,0,0,0,0,0.69966,0.24413,1
0,0,0,0,0,0,0.69778,0.2463,1
0,0,0,0,0,0,0.6959,0.24847,1
0,0,0,0,0,0,0.69402,0.25064,1
0,0,0,0,0,0,0.69214,0.2528,1
0,0,0,0,0,0,0.69027,0.25496,1
0,0,0,0,0,0,0.6884,0.25711,1
0,0,0,0,0,0,0.68653,0.25927,1
0,0,0,0,0,0,0.68467,0.26142,1
0,0,0,0,0,0,0.6828,0.26356,1
0,0,0,0,0,0,0.68094,0.26571,1
0,0,0,0,0,0,0.67909,0.26785,1
0,0,0,0,0,0,0.67723,0.26998,1
0,0,0,0,0,0,0.67538,0.27212,1
0,0,0,0,0,0,0.67353,0.27425,1
0,0,0,0,0,0,0.67168,0.27638,1
0,0,0,0,0,0,0.66983,0.2785,1
0,0,0,0,0,0,0.66799,0.28062,1
0,0,0,0,0,0,0.66615,0.28274,1
0,0,0,0,0,0,0.66431,0.28486,1
0,0,0,0,0,0,0.66248,0.28697,1
0,0,0,0,0,0,0.66065,0.28908,1
0,0,0,0,0,0,0.65882,0.29118,1
0,0,0,0,0,0,0.65699,0.29329,1
0,0,0,0,0,0,0.65516,0.29539,1
0,0,0,0,0,0,0.65334,0.29748,1
0,0,0,0,0,0,0.65152,0.29958,1
0,0,0,0,0,0,0.6497,0.30167,1
0,0,0,0,0,0,0.64789,0.30375,1
0,0,0,0,0,0,0.64608,0.30584,1
0,0,0,0,0,0,0.64427,0.30792,1
0,0,0,0,0,0,0.64246,0.31,1
0,0,0,0,0,0,0.64065,0.31207,1
0,0,0,0,0,0,0.63885,0.31414,1
0,0,0,0,0,0,0.63705,0.31621,1
0,0,0,0,0,0,0.63526,0.31828,1
0,0,0,0,0,0,0.63346,0.32034,1
0,0,0,0,0,0,0.63167,0.3224,1
0,0,0,0,0,0,0.62988,0.32445,1
0,0,0,0,0,0,0.62809,0.32651,1
0,0,0,0,0,0,0.62631,0.32856,1
0,0,0,0,0,0,0.62453,0.3306,1
0,0,0,0,0,0,0.62275,0.33265,1
0,0,0,0,0,0,0.62097,0.33469,1
0,0,0,0,0,0,0.6192,0.33672,1
0,0,0,0,0,0,0.61743,0.33876,1
0,0,0,0,0,0,0.61566,0.34079,1
0,0,0,0,0,0,0.61389,0.34282,1
0,0,0,0,0,0,0.61213,0.34484,1
0,0,0,0,0,0,0.61036,0.34686,1
0,0,0,0,0,0,0.60861,0.34888,1
0,0,0,0,0,0,0.60685,0.3509,1
0,0,0,0,0,0,0.60509,0.35291,1
0,0,0,0,0,0,0.60334,0.35492,1
0,0,0,0,0,0,0.60159,0.35692,1
0,0,0,0,0,0,0.59985,0.35893,1
0,0,0,0,0,0,0.5981,0.36093,1
0,0,0,0,0,0,0.59636,0.36292,1
0,0,0,0,0,0,0.59462,0.36492,1
0,0,0,0,0,0,0.59289,0.36691,1
0,0,0,0,0,0,0.59115,0.36889,1
0,0,0,0,0,0,0.58942,0.37088,1
0,0,0,0,0,0,0.5877,0.37286,1
0,0,0,0,0,0,0.58597,0.37484,1
0,0,0,0,0,0,0.58425,0.37681,1
0,0,0,0,0,0,0.58253,0.37878,1
0,0,0,0,0,0,0.58081,0.38075,1
0,0,0,0,0,0,0.57909,0.38272,1
0,0,0,0,0,0,0.57738,0.38468,1
0,0,0,0,0,0,0.57567,0.38664,1
0,0,0,0,0,0,0.57396,0.3886,1
0,0,0,0,0,0,0.57225,0.39055,1
0,0,0,0,0,0,0.57055,0.3925,1
0,0,0,0,0,0,0.56885,0.39444,1
0,0,0,0,0,0,0.56715,0.39639,1
0,0,0,0,0,0,0.56546,0.39833,1
0,0,0,0,0,0,0.56376,0.40027,1
0,0,0,0,0,0,0.56207,0.4022,1
0,0,0,0,0,0,0.56038,0.40413,1
0,0,0,0,0,0,0.5587,0.40606,1
0,0,0,0,0,0,0.55702,0.40798,1
0,0,0,0,0,0,0.55534,0.40991,1
0,0,0,0,0,0,0.55366,0.41182,1
0,0,0,0,0,0,0.55198,0.41374,1
0,0,0,0,0,0,0.55031,0.41565,1
0,0,0,0,0,0,0.54864,0.41756,1
0,0,0,0,0,0,0.54697,0.41947,1
0,0,0,0,0,0,0.54531,0.42137,1
0,0,0,0,0,0,0.54364,0.42327,1
0,0,0,0,0,0,0.54198,0.42517,1
0,0,0,0,0,0,0.54033,0.42706,1
0,0,0,0,0,0,0.53867,0.42895,1
0,0,0,0,0,0,0.53702,0.43084,1
0,0,0,0,0,0,0.53537,0.43272,1
0,0,0,0,0,0,0.53372,0.4346,1
0,0,0,0,0,0,0.53208,0.43648,1
0,0,0,0,0,0,0.53044,0.43836,1
0,0,0,0,0,0,0.5288,0.44023,1
0,0,0,0,0,0,0.52716,0.4421,1
0,0,0,0,0,0,0.52552,0.44396,1
0,0,0,0,0,0,0.52389,0.44582,1
0,0,0,0,0,0,0.52226,0.44768,1
0,0,0,0,0,0,0.52064,0.44954,1
0,0,0,0,0,0,0.51901,0.45139,1
0,0,0,0,0,0,0.51739,0.45324,1
0,0,0,0,0,0,0.51577,0.45509,1
0,0,0,0,0,0,0.51415,0.45693,1
0,0,0,0,0,0,0.51254,0.45877,1
0,0,0,0,0,0,0.51093,0.46061,1
0,0,0,0,0,0,0.50932,0.46244,1
0,0,0,0,0,0,0.50771,0.46427,1
0,0,0,0,0,0,0.50611,0.4661,1
0,0,0,0,0,0,0.50451,0.46793,1
0,0,0,0,0,0,0.50291,0.46975,1
0,0,0,0,0,0,0.50131,0.47157,1
0,0,0,0,0,0,0.49972,0.47338,1
0,0,0,0,0,0,0.49812,0.4752,1
0,0,0,0,0,0,0.49654,0.477,1
0,0,0,0,0,0,0.49495,0.47881,1
0,0,0,0,0,0,0.49337,0.48061,1
0,0,0,0,0,0,0.49178,0.48241,1
0,0,0,0,0,0,0.49021,0.48421,1
0,0,0,0,0,0,0.48863,0.486,1
0,0,0,0,0,0,0.48706,0.48779,1
0,0,0,0,0,0,0.48548,0.48958,1
0,0,0,0,0,0,0.48392,0.49137,1
0,0,0,0,0,0,0.48235,0.49315,1
0,0,0,0,0,0,0.48079,0.49492,1
0,0,0,0,0,0,0.47923,0.4967,1
0,0,0,0,0,0,0.47767,0.49847,1
0,0,0,0,0,0,0.47611,0.50024,1
0,0,0,0,0,0,0.47456,0.50201,1
0,0,0,0,0,0,0.47301,0.50377,1
0,0,0,0,0,0,0.47146,0.50553,1
0,0,0,0,0,0,0.46991,0.50728,1
0,0,0,0,0,0,0.46837,0.50904,1
0,0,0,0,0,0,0.46683,0.51079,1
0,0,0,0,0,0,0.46529,0.51253,1
0,0,0,0,0,0,0.46375,0.51428,1
0,0,0,0,0,0,0.46222,0.51602,1
0,0,0,0,0,0,0.46069,0.51775,1
0,0,0,0,0,0,0.45916,0.51949,1
0,0,0,0,0,0,0.45764,0.52122,1
0,0,0,0,0,0,0.45611,0.52295,1
0,0,0,0,0,0,0.45459,0.52467,1
0,0,0,0,0,0,0.45308,0.52639,1
0,0,0,0,0,0,0.45156,0.52811,1
0,0,0,0,0,0,0.45005,0.52983,1
0,0,0,0,0,0,0.44854,0.53154,1
0,0,0,0,0,0,0.44703,0.53325,1
0,0,0,0,0,0,0.44553,0.53496,1
0,0,0,0,0,0,0.44402,0.53666,1
0,0,0,0,0,0,0.44252,0.53836,1
0,0,0,0,0,0,0.44103,0.54005,1
0,0,0,0,0,0,0.43953,0.54175,1
0,0,0,0,0,0,0.43804,0.54344,1
0,0,0,0,0,0,0.43655,0.54513,1
0,0,0,0,0,0,0.43506,0.54681,1
0,0,0,0,0,0,0.43358,0.54849,1
0,0,0,0,0,0,0.43209,0.55017,1
0,0,0,0,0,0,0.43061,0.55184,1
0,0,0,0,0,0,0.42914,0.55352,1
0,0,0,0,0,0,0.42766,0.55518,1
0,0,0,0,0,0,0.42619,0.55685,1
0,0,0,0,0,0,0.42472,0.55851,1
0,0,0,0,0,0,0.42325,0.56017,1
0,0,0,0,0,0,0.42179,0.56183,1
0,0,0,0,0,0,0.42033,0.56348,1
0,0,0,0,0,0,0.41887,0.56513,1
0,0,0,0,0,0,0.41741,0.56678,1
0,0,0,0,0,0,0.41596,0.56842,1
0,0,0,0,0,0,0.4145,0.57006,1
0,0,0,0,0,0,0.41305,0.5717,1
0,0,0,0,0,0,0.41161,0.57333,1
0,0,0,0,0,0,0.41016,0.57496,1
0,0,0,0,0,0,0.40872,0.57659,1
0,0,0,0,0,0,0.40728,0.57822,1
0,0,0,0,0,0,0.40585,0.57984,1
0,0,0,0,0,0,0.40441,0.58146,1
0,0,0,0,0,0,0.40298,0.58307,1
0,0,0,0,0,0,0.40155,0.58469,1
0,0,0,0,0,0,0.40012,0.5863,1
0,0,0,0,0,0,0.3987,0.5879,1
0,0,0,0,0,0,0.39728,0.5895,1
0,0,0,0,0,0,0.39586,0.5911,1
0,0,0,0,0,0,0.39444,0.5927,1
0,0,0,0,0,0,0.39303,0.59429,1
0,0,0,0,0,0,0.39162,0.59589,1
0,0,0,0,0,0,0.39021,0.59747,1
0,0,0,0,0,0,0.3888,0.59906,1
0,0,0,0,0,0,0.3874,0.60064,1
0,0,0,0,0,0,0.386,0.60222,1
0,0,0,0,0,0,0.3846,0.60379,1
0,0,0,0,0,0,0.3832,0.60536,1
0,0,0,0,0,0,0.38181,0.60693,1
0,0,0,0,0,0,0.38042,0.6085,1
0,0,0,0,0,0,0.37903,0.61006,1
0,0,0,0,0,0,0.37765,0.61162,1
0,0,0,0,0,0,0.37626,0.61317,1
0,0,0,0,0,0,0.37488,0.61473,1
0,0,0,0,0,0,0.3735,0.61628,1
0,0,0,0,0,0,0.37213,0.61782,1
0,0,0,0,0,0,0.37076,0.61937,1
0,0,0,0,0,0,0.36938,0.62091,1
0,0,0,0,0,0,0.36802,0.62245,1
0,0,0,0,0,0,0.36665,0.62398,1
0,0,0,0,0,0,0.36529,0.62551,1
0,0,0,0,0,0,0.36393,0.62704,1
0,0,0,0,0,0,0.36257,0.62856,1
0,0,0,0,0,0,0.36121,0.63009,1
0,0,0,0,0,0,0.35986,0.6316,1
0,0,0,0,0,0,0.35851,0.63312,1
0,0,0,0,0,0,0.35716,0.63463,1
0,0,0,0,0,0,0.35582,0.63614,1
0,0,0,0,0,0,0.35448,0.63765,1
0,0,0,0,0,0,0.35313,0.63915,1
0,0,0,0,0,0,0.3518,0.64065,1
0,0,0,0,0,0,0.35046,0.64215,1
0,0,0,0,0,0,0.34913,0.64364,1
0,0,0,0,0,0,0.3478,0.64513,1
0,0,0,0,0,0,0.34647,0.64662,1
0,0,0,0,0,0,0.34515,0.6481,1
0,0,0,0,0,0,0.34382,0.64959,1
0,0,0,0,0,0,0.3425,0.65106,1
0,0,0,0,0,0,0.34119,0.65254,1
0,0,0,0,0,0,0.33987,0.65401,1
0,0,0,0,0,0,0.33856,0.65548,1
0,0,0,0,0,0,0.33725,0.65694,1
0,0,0,0,0,0,0.33594,0.65841,1
0,0,0,0,0,0,0.33464,0.65987,1
0,0,0,0,0,0,0.33334,0.66132,1
0,0,0,0,0,0,0.33204,0.66278,1
0,0,0,0,0,0,0.33074,0.66423,1
0,0,0,0,0,0,0.32945,0.66567,1
0,0,0,0,0,0,0.32815,0.66712,1
0,0,0,0,0,0,0.32686,0.66856,1
0,0,0,0,0,0,0.32558,0.66999,1
0,0,0,0,0,0,0.32429,0.67143,1
0,0,0,0,0,0,0.32301,0.67286,1
0,0,0,0,0,0,0.32173,0.67429,1
0,0,0,0,0,0,0.32046,0.67571,1
0,0,0,0,0,0,0.31918,0.67713,1
0,0,0,0,0,0,0.31791,0.67855,1
0,0,0,0,0,0,0.31664,0.67997,1
0,0,0,0,0,0,0.31537,0.68138,1
0,0,0,0,0,0,0.31411,0.68279,1
0,0,0,0,0,0,0.31285,0.6842,1
0,0,0,0,0,0,0.31159,0.6856,1
0,0,0,0,0,0,0.31033,0.687,1
0,0,0,0,0,0,0.30908,0.6884,1
0,0,0,0,0,0,0.30783,0.68979,1
0,0,0,0,0,0,0.30658,0.69118,1
0,0,0,0,0,0,0.30533,0.69257,1
0,0,0,0,0,0,0.30409,0.69395,1
0,0,0,0,0,0,0.30285,0.69533,1
0,0,0,0,0,0,0.30161,0.69671,1
0,0,0,0,0,0,0.30037,0.69809,1
0,0,0,0,0,0,0.29914,0.69946,1
0,0,0,0,0,0,0.29791,0.70083,1
0,0,0,0,0,0,0.29668,0.70219,1
0,0,0,0,0,0,0.29545,0.70356,1
0,0,0,0,0,0,0.29423,0.70492,1
0,0,0,0,0,0,0.29301,0.70627,1
0,0,0,0,0,0,0.29179,0.70762,1
0,0,0,0,0,0,0.29058,0.70897,1
0,0,0,0,0,0,0.28936,0.71032,1
0,0,0,0,0,0,0.28815,0.71166,1
0,0,0,0,0,0,0.28694,0.71301,1
0,0,0,0,0,0,0.28574,0.71434,1
0,0,0,0,0,0,0.28453,0.71568,1
0,0,0,0,0,0,0.28333,0.71701,1
0,0,0,0,0,0,0.28214,0.71834,1
0,0,0,0,0,0,0.28094,0.71966,1
0,0,0,0,0,0,0.27975,0.72098,1
0,0,0,0,0,0,0.27856,0.7223,1
0,0,0,0,0,0,0.27737,0.72362,1
0,0,0,0,0,0,0.27618,0.72493,1
0,0,0,0,0,0,0.275,0.72624,1
0,0,0,0,0,0,0.27382,0.72755,1
0,0,0,0,0,0,0.27264,0.72885,1
0,0,0,0,0,0,0.27147,0.73015,1
0,0,0,0,0,0,0.2703,0.73145,1
0,0,0,0,0,0,0.26913,0.73274,1
0,0,0,0,0,0,0.26796,0.73403,1
0,0,0,0,0,0,0.26679,0.73532,1
0,0,0,0,0,0,0.26563,0.7366,1
0,0,0,0,0,0,0.26447,0.73788,1
0,0,0,0,0,0,0.26331,0.73916,1
0,0,0,0,0,0,0.26216,0.74044,1
0,0,0,0,0,0,0.26101,0.74171,1
0,0,0,0,0,0,0.25986,0.74298,1
0,0,0,0,0,0,0.25871,0.74424,1
0,0,0,0,0,0,0.25756,0.74551,1
0,0,0,0,0,0,0.25642,0.74677,1
0,0,0,0,0,0,0.25528,0.74802,1
0,0,0,0,0,0,0.25414,0.74927,1
0,0,0,0,0,0,0.25301,0.75052,1
0,0,0,0,0,0,0.25188,0.75177,1
0,0,0,0,0,0,0.25075,0.75302,1
0,0,0,0,0,0,0.24962,0.75426,1
0,0,0,0,0,0,0.2485,0.75549,1
0,0,0,0,0,0,0.24738,0.75673,1
0,0,0,0,0,0,0.24626,0.75796,1
0,0,0,0,0,0,0.24514,0.75919,1
0,0,0,0,0,0,0.24403,0.76041,1
0,0,0,0,0,0,0.24291,0.76163,1
0,0,0,0,0,0,0.2418,0.76285,1
0,0,0,0,0,0,0.2407,0.76407,1
0,0,0,0,0,0,0.23959,0.76528,1
0,0,0,0,0,0,0.23849,0.76649,1
0,0,0,0,0,0,0.23739,0.7677,1
0,0,0,0,0,0,0.2363,0.7689,1
0,0,0,0,0,0,0.2352,0.7701,1
0,0,0,0,0,0,0.23411,0.7713,1
0,0,0,0,0,0,0.23302,0.77249,1
0,0,0,0,0,0,0.23194,0.77368,1
0,0,0,0,0,0,0.23085,0.77487,1
0,0,0,0,0,0,0.22977,0.77605,1
0,0,0,0,0,0,0.22869,0.77723,1
0,0,0,0,0,0,0.22762,0.77841,1
0,0,0,0,0,0,0.22654,0.77959,1
0,0,0,0,0,0,0.22547,0.78076,1
0,0,0,0,0,0,0.2244,0.78193,1
0,0,0,0,0,0,0.22334,0.78309,1
0,0,0,0,0,0,0.22227,0.78426,1
0,0,0,0,0,0,0.22121,0.78542,1
0,0,0,0,0,0,0.22015,0.78657,1
0,0,0,0,0,0,0.2191,0.78773,1
0,0,0,0,0,0,0.21804,0.78888,1
0,0,0,0,0,0,0.21699,0.79002,1
0,0,0,0,0,0,0.21595,0.79117,1
0,0,0,0,0,0,0.2149,0.79231,1
0,0,0,0,0,0,0.21386,0.79344,1
0,0,0,0,0,0,0.21282,0.79458,1
0,0,0,0,0,0,0.21178,0.79571,1
0,0,0,0,0,0,0.21074,0.79684,1
0,0,0,0,0,0,0.20971,0.79796,1
0,0,0,0,0,0,0.20868,0.79909,1
0,0,0,0,0,0,0.20765,0.8002,1
0,0,0,0,0,0,0.20662,0.80132,1
0,0,0,0,0,0,0.2056,0.80243,1
0,0,0,0,0,0,0.20458,0.80354,1
0,0,0,0,0,0,0.20356,0.80465,1
0,0,0,0,0,0,0.20255,0.80575,1
0,0,0,0,0,0,0.20154,0.80685,1
0,0,0,0,0,0,0.20053,0.80795,1
0,0,0,0,0,0,0.19952,0.80904,1
0,0,0,0,0,0,0.19851,0.81013,1
0,0,0,0,0,0,0.19751,0.81122,1
0,0,0,0,0,0,0.19651,0.81231,1
0,0,0,0,0,0,0.19551,0.81339,1
0,0,0,0,0,0,0.19452,0.81446,1
0,0,0,0,0,0,0.19353,0.81554,1
0,0,0,0,0,0,0.19254,0.81661,1
0,0,0,0,0,0,0.19155,0.81768,1
0,0,0,0,0,0,0.19056,0.81875,1
0,0,0,0,0,0,0.18958,0.81981,1
0,0,0,0,0,0,0.1886,0.82087,1
0,0,0,0,0,0,0.18762,0.82192,1
0,0,0,0,0,0,0.18665,0.82298,1
0,0,0,0,0,0,0.18568,0.82403,1
0,0,0,0,0,0,0.18471,0.82508,1
0,0,0,0,0,0,0.18374,0.82612,1
0,0,0,0,0,0,0.18278,0.82716,1
0,0,0,0,0,0,0.18181,0.8282,1
0,0,0,0,0,0,0.18085,0.82923,1
0,0,0,0,0,0,0.1799,0.83026,1
0,0,0,0,0,0,0.17894,0.83129,1
0,0,0,0,0,0,0.17799,0.83232,1
0,0,0,0,0,0,0.17704,0.83334,1
0,0,0,0,0,0,0.1761,0.83436,1
0,0,0,0,0,0,0.17515,0.83537,1
0,0,0,0,0,0,0.17421,0.83639,1
0,0,0,0,0,0,0.17327,0.8374,1
0,0,0,0,0,0,0.17233,0.8384,1
0,0,0,0,0,0,0.1714,0.8394,1
0,0,0,0,0,0,0.17047,0.8404,1
0,0,0,0,0,0,0.16954,0.8414,1
0,0,0,0,0,0,0.16861,0.8424,1
0,0,0,0,0,0,0.16769,0.84339,1
0,0,0,0,0,0,0.16677,0.84437,1
0,0,0,0,0,0,0.16585,0.84536,1
0,0,0,0,0,0,0.16493,0.84634,1
0,0,0,0,0,0,0.16402,0.84732,1
0,0,0,0,0,0,0.16311,0.84829,1
0,0,0,0,0,0,0.1622,0.84927,1
0,0,0,0,0,0,0.16129,0.85023,1
0,0,0,0,0,0,0.16039,0.8512,1
0,0,0,0,0,0,0.15949,0.85216,1
0,0,0,0,0,0,0.15859,0.85312,1
0,0,0,0,0,0,0.15769,0.85408,1
0,0,0,0,0,0,0.1568,0.85503,1
0,0,0,0,0,0,0.15591,0.85598,1
0,0,0,0,0,0,0.15502,0.85693,1
0,0,0,0,0,0,0.15413,0.85787,1
0,0,0,0,0,0,0.15325,0.85881,1
0,0,0,0,0,0,0.15237,0.85975,1
0,0,0,0,0,0,0.15149,0.86069,1
0,0,0,0,0,0,0.15062,0.86162,1
0,0,0,0,0,0,0.14974,0.86255,1
0,0,0,0,0,0,0.14887,0.86347,1
0,0,0,0,0,0,0.14801,0.86439,1
0,0,0,0,0,0,0.14714,0.86531,1
0,0,0,0,0,0,0.14628,0.86623,1
0,0,0,0,0,0,0.14542,0.86714,1
0,0,0,0,0,0,0.14456,0.86805,1
0,0,0,0,0,0,0.1437,0.86896,1
0,0,0,0,0,0,0.14285,0.86986,1
0,0,0,0,0,0,0.142,0.87076,1
0,0,0,0,0,0,0.14115,0.87166,1
0,0,0,0,0,0,0.14031,0.87255,1
0,0,0,0,0,0,0.13946,0.87344,1
0,0,0,0,0,0,0.13862,0.87433,1
0,0,0,0,0,0,0.13779,0.87521,1
0,0,0,0,0,0,0.13695,0.87609,1
0,0,0,0,0,0,0.13612,0.87697,1
0,0,0,0,0,0,0.13529,0.87785,1
0,0,0,0,0,0,0.13446,0.87872,1
0,0,0,0,0,0,0.13364,0.87959,1
0,0,0,0,0,0,0.13281,0.88045,1
0,0,0,0,0,0,0.13199,0.88132,1
0,0,0,0,0,0,0.13118,0.88218,1
0,0,0,0,0,0,0.13036,0.88303,1
0,0,0,0,0,0,0.12955,0.88389,1
0,0,0,0,0,0,0.12874,0.88474,1
0,0,0,0,0,0,0.12793,0.88558,1
0,0,0,0,0,0,0.12713,0.88643,1
0,0,0,0,0,0,0.12633,0.88727,1
0,0,0,0,0,0,0.12553,0.88811,1
0,0,0,0,0,0,0.12473,0.88894,1
0,0,0,0,0,0,0.12394,0.88977,1
0,0,0,0,0,0,0.12314,0.8906,1
0,0,0,0,0,0,0.12235,0.89143,1
0,0,0,0,0,0,0.12157,0.89225,1
0,0,0,0,0,0,0.12078,0.89307,1
0,0,0,0,0,0,0.12,0.89388,1
0,0,0,0,0,0,0.11922,0.8947,1
0,0,0,0,0,0,0.11845,0.8955,1
0,0,0,0,0,0,0.11767,0.89631,1
0,0,0,0,0,0,0.1169,0.89711,1
0,0,0,0,0,0,0.11613,0.89791,1
0,0,0,0,0,0,0.11536,0.89871,1
0,0,0,0,0,0,0.1146,0.89951,1
0,0,0,0,0,0,0.11384,0.9003,1
0,0,0,0,0,0,0.11308,0.90108,1
0,0,0,0,0,0,0.11232,0.90187,1
0,0,0,0,0,0,0.11157,0.90265,1
0,0,0,0,0,0,0.11082,0.90343,1
0,0,0,0,0,0,0.11007,0.9042,1
0,0,0,0,0,0,0.10932,0.90498,1
0,0,0,0,0,0,0.10858,0.90574,1
0,0,0,0,0,0,0.10784,0.90651,1
0,0,0,0,0,0,0.1071,0.90727,1
0,0,0,0,0,0,0.10636,0.90803,1
0,0,0,0,0,0,0.10563,0.90879,1
0,0,0,0,0,0,0.1049,0.90954,1
0,0,0,0,0,0,0.10417,0.91029,1
0,0,0,0,0,0,0.10344,0.91104,1
0,0,0,0,0,0,0.10272,0.91178,1
0,0,0,0,0,0,0.102,0.91252,1
0,0,0,0,0,0,0.10128,0.91326,1
0,0,0,0,0,0,0.10057,0.914,1
0,0,0,0,0,0,0.099853,0.91473,1
0,0,0,0,0,0,0.099142,0.91546,1
0,0,0,0,0,0,0.098434,0.91618,1
0,0,0,0,0,0,0.097728,0.9169,1
0,0,0,0,0,0,0.097025,0.91762,1
0,0,0,0,0,0,0.096325,0.91834,1
0,0,0,0,0,0,0.095627,0.91905,1
0,0,0,0,0,0,0.094931,0.91976,1
0,0,0,0,0,0,0.094238,0.92047,1
0,0,0,0,0,0,0.093548,0.92117,1
0,0,0,0,0,0,0.09286,0.92187,1
0,0,0,0,0,0,0.092175,0.92257,1
0,0,0,0,0,0,0.091492,0.92326,1
0,0,0,0,0,0,0.090812,0.92395,1
0,0,0,0,0,0,0.090134,0.92464,1
0,0,0,0,0,0,0.089459,0.92533,1
0,0,0,0,0,0,0.088786,0.92601,1
0,0,0,0,0,0,0.088116,0.92669,1
0,0,0,0,0,0,0.087449,0.92736,1
0,0,0,0,0,0,0.086784,0.92803,1
0,0,0,0,0,0,0.086121,0.9287,1
0,0,0,0,0,0,0.085461,0.92937,1
0,0,0,0,0,0,0.084804,0.93003,1
0,0,0,0,0,0,0.084149,0.93069,1
0,0,0,0,0,0,0.083497,0.93135,1
0,0,0,0,0,0,0.082847,0.932,1
0,0,0,0,0,0,0.0822,0.93265,1
0,0,0,0,0,0,0.081555,0.9333,1
0,0,0,0,0,0,0.080913,0.93394,1
0,0,0,0,0,0,0.080273,0.93458,1
0,0,0,0,0,0,0.079636,0.93522,1
0,0,0,0,0,0,0.079002,0.93585,1
0,0,0,0,0,0,0.07837,0.93649,1
0,0,0,0,0,0,0.07774,0.93711,1
0,0,0,0,0,0,0.077113,0.93774,1
0,0,0,0,0,0,0.076489,0.93836,1
0,0,0,0,0,0,0.075867,0.93898,1
0,0,0,0,0,0,0.075248,0.9396,1
0,0,0,0,0,0,0.074631,0.94021,1
0,0,0,0,0,0,0.074017,0.94082,1
0,0,0,0,0,0,0.073405,0.94143,1
0,0,0,0,0,0,0.072796,0.94203,1
0,0,0,0,0,0,0.072189,0.94263,1
0,0,0,0,0,0,0.071585,0.94323,1
0,0,0,0,0,0,0.070983,0.94382,1
0,0,0,0,0,0,0.070384,0.94441,1
0,0,0,0,0,0,0.069788,0.945,1
0,0,0,0,0,0,0.069194,0.94558,1
0,0,0,0,0,0,0.068603,0.94616,1
0,0,0,0,0,0,0.068014,0.94674,1
0,0,0,0,0,0,0.067427,0.94732,1
0,0,0,0,0,0,0.066844,0.94789,1
0,0,0,0,0,0,0.066262,0.94846,1
0,0,0,0,0,0,0.065684,0.94903,1
0,0,0,0,0,0,0.065107,0.94959,1
0,0,0,0,0,0,0.064534,0.95015,1
0,0,0,0,0,0,0.063963,0.9507,1
0,0,0,0,0,0,0.063394,0.95126,1
0,0,0,0,0,0,0.062828,0.95181,1
0,0,0,0,0,0,0.062265,0.95236,1
0,0,0,0,0,0,0.061704,0.9529,1
0,0,0,0,0,0,0.061145,0.95344,1
0,0,0,0,0,0,0.060589,0.95398,1
0,0,0,0,0,0,0.060036,0.95451,1
0,0,0,0,0,0,0.059485,0.95504,1
0,0,0,0,0,0,0.058937,0.95557,1
0,0,0,0,0,0,0.058391,0.9561,1
0,0,0,0,0,0,0.057848,0.95662,1
0,0,0,0,0,0,0.057308,0.95714,1
0,0,0,0,0,0,0.056769,0.95766,1
0,0,0,0,0,0,0.056234,0.95817,1
0,0,0,0,0,0,0.055701,0.95868,1
0,0,0,0,0,0,0.05517,0.95918,1
0,0,0,0,0,0,0.054642,0.95969,1
0,0,0,0,0,0,0.054117,0.96019,1
0,0,0,0,0,0,0.053594,0.96069,1
0,0,0,0,0,0,0.053074,0.96118,1
0,0,0,0,0,0,0.052556,0.96167,1
0,0,0,0,0,0,0.052041,0.96216,1
0,0,0,0,0,0,0.051528,0.96264,1
0,0,0,0,0,0,0.051018,0.96312,1
0,0,0,0,0,0,0.05051,0.9636,1
0,0,0,0,0,0,0.050005,0.96408,1
0,0,0,0,0,0,0.049503,0.96455,1
0,0,0,0,0,0,0.049003,0.96502,1
0,0,0,0,0,0,0.048505,0.96548,1
0,0,0,0,0,0,0.04801,0.96595,1
0,0,0,0,0,0,0.047518,0.96641,1
0,0,0,0,0,0,0.047028,0.96686,1
0,0,0,0,0,0,0.046541,0.96732,1
0,0,0,0,0,0,0.046056,0.96777,1
0,0,0,0,0,0,0.045573,0.96821,1
0,0,0,0,0,0,0.045094,0.96866,1
0,0,0,0,0,0,0.044617,0.9691,1
0,0,0,0,0,0,0.044142,0.96954,1
0,0,0,0,0,0,0.04367,0.96997,1
0,0,0,0,0,0,0.0432,0.9704,1
0,0,0,0,0,0,0.042733,0.97083,1
0,0,0,0,0,0,0.042269,0.97126,1
0,0,0,0,0,0,0.041807,0.97168,1
0,0,0,0,0,0,0.041347,0.9721,1
0,0,0,0,0,0,0.040891,0.97252,1
0,0,0,0,0,0,0.040436,0.97293,1
0,0,0,0,0,0,0.039984,0.97334,1
0,0,0,0,0,0,0.039535,0.97374,1
0,0,0,0,0,0,0.039088,0.97415,1
0,0,0,0,0,0,0.038644,0.97455,1
0,0,0,0,0,0,0.038203,0.97495,1
0,0,0,0,0,0,0.037763,0.97534,1
0,0,0,0,0,0,0.037327,0.97573,1
0,0,0,0,0,0,0.036893,0.97612,1
0,0,0,0,0,0,0.036461,0.9765,1
0,0,0,0,0,0,0.036032,0.97688,1
0,0,0,0,0,0,0.035606,0.97726,1
0,0,0,0,0,0,0.035182,0.97764,1
0,0,0,0,0,0,0.034761,0.97801,1
0,0,0,0,0,0,0.034342,0.97838,1
0,0,0,0,0,0,0.033926,0.97875,1
0,0,0,0,0,0,0.033512,0.97911,1
0,0,0,0,0,0,0.033101,0.97947,1
0,0,0,0,0,0,0.032692,0.97982,1
0,0,0,0,0,0,0.032286,0.98018,1
0,0,0,0,0,0,0.031882,0.98053,1
0,0,0,0,0,0,0.031481,0.98088,1
0,0,0,0,0,0,0.031083,0.98122,1
0,0,0,0,0,0,0.030687,0.98156,1
0,0,0,0,0,0,0.030294,0.9819,1
0,0,0,0,0,0,0.029903,0.98223,1
0,0,0,0,0,0,0.029514,0.98256,1
0,0,0,0,0,0,0.029129,0.98289,1
0,0,0,0,0,0,0.028745,0.98322,1
0,0,0,0,0,0,0.028365,0.98354,1
0,0,0,0,0,0,0.027986,0.98386,1
0,0,0,0,0,0,0.027611,0.98418,1
0,0,0,0,0,0,0.027238,0.98449,1
0,0,0,0,0,0,0.026867,0.9848,1
0,0,0,0,0,0,0.026499,0.98511,1
0,0,0,0,0,0,0.026133,0.98541,1
0,0,0,0,0,0,0.025771,0.98571,1
0,0,0,0,0,0,0.02541,0.98601,1
0,0,0,0,0,0,0.025052,0.9863,1
0,0,0,0,0,0,0.024697,0.98659,1
0,0,0,0,0,0,0.024344,0.98688,1
0,0,0,0,0,0,0.023994,0.98716,1
0,0,0,0,0,0,0.023646,0.98745,1
0,0,0,0,0,0,0.023301,0.98772,1
0,0,0,0,0,0,0.022958,0.988,1
0,0,0,0,0,0,0.022618,0.98827,1
0,0,0,0,0,0,0.02228,0.98854,1
0,0,0,0,0,0,0.021945,0.98881,1
0,0,0,0,0,0,0.021613,0.98907,1
0,0,0,0,0,0,0.021283,0.98933,1
0,0,0,0,0,0,0.020956,0.98959,1
0,0,0,0,0,0,0.020631,0.98984,1
0,0,0,0,0,0,0.020308,0.99009,1
0,0,0,0,0,0,0.019989,0.99034,1
0,0,0,0,0,0,0.019671,0.99058,1
0,0,0,0,0,0,0.019356,0.99082,1
0,0,0,0,0,0,0.019044,0.99106,1
0,0,0,0,0,0,0.018735,0.9913,1
0,0,0,0,0,0,0.018428,0.99153,1
0,0,0,0,0,0,0.018123,0.99176,1
0,0,0,0,0,0,0.017821,0.99198,1
0,0,0,0,0,0,0.017521,0.9922,1
0,0,0,0,0,0,0.017224,0.99242,1
0,0,0,0,0,0,0.01693,0.99264,1
0,0,0,0,0,0,0.016638,0.99285,1
0,0,0,0,0,0,0.016349,0.99306,1
0,0,0,0,0,0,0.016062,0.99327,1
0,0,0,0,0,0,0.015778,0.99347,1
0,0,0,0,0,0,0.015496,0.99367,1
0,0,0,0,0,0,0.015217,0.99387,1
0,0,0,0,0,0,0.01494,0.99406,1
0,0,0,0,0,0,0.014666,0.99425,1
0,0,0,0,0,0,0.014394,0.99444,1
0,0,0,0,0,0,0.014125,0.99463,1
0,0,0,0,0,0,0.013859,0.99481,1
0,0,0,0,0,0,0.013595,0.99499,1
0,0,0,0,0,0,0.013333,0.99516,1
0,0,0,0,0,0,0.013074,0.99533,1
0,0,0,0,0,0,0.012818,0.9955,1
0,0,0,0,0,0,0.012564,0.99567,1
0,0,0,0,0,0,0.012313,0.99583,1
0,0,0,0,0,0,0.012064,0.99599,1
0,0,0,0,0,0,0.011818,0.99615,1
0,0,0,0,0,0,0.011574,0.9963,1
0,0,0,0,0,0,0.011333,0.99645,1
0,0,0,0,0,0,0.011095,0.9966,1
0,0,0,0,0,0,0.010859,0.99674,1
0,0,0,0,0,0,0.010625,0.99689,1
0,0,0,0,0,0,0.010394,0.99702,1
0,0,0,0,0,0,0.010166,0.99716,1
0,0,0,0,0,0,0.0099398,0.99729,1
0,0,0,0,0,0,0.0097165,0.99742,1
0,0,0,0,0,0,0.0094956,0.99754,1
0,0,0,0,0,0,0.0092774,0.99767,1
0,0,0,0,0,0,0.0090616,0.99779,1
0,0,0,0,0,0,0.0088484,0.9979,1
0,0,0,0,0,0,0.0086377,0.99801,1
0,0,0,0,0,0,0.0084296,0.99812,1
0,0,0,0,0,0,0.008224,0.99823,1
0,0,0,0,0,0,0.008021,0.99833,1
0,0,0,0,0,0,0.0078205,0.99844,1
0,0,0,0,0,0,0.0076225,0.99853,1
0,0,0,0,0,0,0.007427,0.99863,1
0,0,0,0,0,0,0.0072341,0.99872,1
0,0,0,0,0,0,0.0070438,0.99881,1
0,0,0,0,0,0,0.0068559,0.99889,1
0,0,0,0,0,0,0.0066707,0.99897,1
0,0,0,0,0,0,0.0064879,0.99905,1
0,0,0,0,0,0,0.0063077,0.99913,1
0,0,0,0,0,0,0.00613,0.9992,1
0,0,0,0,0,0,0.0059549,0.99927,1
0,0,0,0,0,0,0.0057823,0.99933,1
0,0,0,0,0,0,0.0056122,0.9994,1
0,0,0,0,0,0,0.0054447,0.99946,1
0,0,0,0,0,0,0.0052797,0.99951,1
0,0,0,0,0,0,0.0051173,0.99957,1
0,0,0,0,0,0,0.0049574,0.99962,1
0,0,0,0,0,0,0.0048,0.99966,1
0,0,0,0,0,0,0.0046452,0.99971,1
0,0,0,0,0,0,0.0044929,0.99975,1
0,0,0,0,0,0,0.0043432,0.99979,1
0,0,0,0,0,0,0.0041959,0.99982,1
0,0,0,0,0,0,0.0040513,0.99985,1
0,0,0,0,0,0,0.0039091,0.99988,1
0,0,0,0,0,0,0.0037695,0.99991,1
0,0,0,0,0,0,0.0036325,0.99993,1
0,0,0,0,0,0,0.0034979,0.99995,1
0,0,0,0,0,0,0.003366,0.99997,1
0,0,0,0,0,0,0.0032365,0.99998,1
0,0,0,0,0,0,0.0031096,0.99999,1
0,0,0,0,0,0,0.0029852,1,1
0,0,0,0,0,0,0.0028634,1,1
0,0,0,0,0,0,0.0027441,1,1
0,0,0,0,0,0,0.0026274,1,1
0,0,0,0,0,0,0.0025131,0.99999,1
0,0,0,0,0,0,0.0024015,0.99998,1
0,0,0,0,0,0,0.0022923,0.99997,1
0,0,0,0,0,0,0.0021857,0.99996,1
0,0,0,0,0,0,0.0020817,0.99994,1
0,0,0,0,0,0,0.0019801,0.99992,1
0,0,0,0,0,0,0.0018811,0.99989,1
0,0,0,0,0,0,0.0017847,0.99986,1
0,0,0,0,0,0,0.0016908,0.99983,1
0,0,0,0,0,0,0.0015994,0.9998,1
0,0,0,0,0,0,0.0015106,0.99976,1
0,0,0,0,0,0,0.0014243,0.99972,1
0,0,0,0,0,0,0.0013405,0.99968,1
0,0,0,0,0,0,0.0012593,0.99963,1
0,0,0,0,0,0,0.0011806,0.99958,1
0,0,0,0,0,0,0.0011045,0.99953,1
0,0,0,0,0,0,0.0010309,0.99947,1
0,0,0,0,0,0,0.0009598,0.99942,1
0,0,0,0,0,0,0.00089127,0.99935,1
0,0,0,0,0,0,0.00082528,0.99929,1
0,0,0,0,0,0,0.00076183,0.99922,1
0,0,0,0,0,0,0.00070091,0.99915,1
0,0,0,0,0,0,0.00064254,0.99907,1
0,0,0,0,0,0,0.0005867,0.999,1
0,0,0,0,0,0,0.0005334,0.99892,1
0,0,0,0,0,0,0.00048264,0.99883,1
0,0,0,0,0,0,0.00043441,0.99875,1
0,0,0,0,0,0,0.00038873,0.99866,1
0,0,0,0,0,0,0.00034558,0.99856,1
0,0,0,0,0,0,0.00030497,0.99847,1
0,0,0,0,0,0,0.0002669,0.99837,1
0,0,0,0,0,0,0.00023137,0.99826,1
0,0,0,0,0,0,0.00019837,0.99816,1
0,0,0,0,0,0,0.00016792,0.99805,1
0,0,0,0,0,0,0.00014,0.99794,1
0,0,0,0,0,0,0.00011462,0.99782,1
0,0,0,0,0,0,9.1778e-05,0.9977,1
0,0,0,0,0,0,7.1475e-05,0.99758,1
0,0,0,0,0,0,5.371e-05,0.99746,1
0,0,0,0,0,0,3.8483e-05,0.99733,1
0,0,0,0,0,0,2.5794e-05,0.9972,1
0,0,0,0,0,0,1.5644e-05,0.99707,1
0,0,0,0,0,0,8.0317e-06,0.99693,1
0,0,0,0,0,0,2.9576e-06,0.99679,1
0,0,0,0,0,0,4.2184e-07,0.99665,1
